id,product_id,path,type,position,created_at,updated_at
14,1,/OKC3DObmdSQWd12MiIkNc9sj8d6Q3k-metaNkY0MUE1MTItRDREOC00RTI5LTkzN0ItRDJDRUNEQUQyNjhGLmpwZWc=-.jpg,image,3,2024-02-28 14:44:31,2024-04-26 22:59:51
16,1,/dN6KHDq9s2itqX80JEWLbosIYG8Cl7-metaMzA5RkU3ODMtQzE3My00ODJELUIxNDgtM0QyOUMyOUFFNzRGLmpwZWc=-.jpg,thumbnail,1,2024-02-28 14:46:24,2024-04-26 22:59:51
17,1,/Ocr8BwFyQvZQNneKkq0FgUrjhxYQiU-metaMEY5REEyQzMtRjYxOC00N0Q4LUI2NjgtNzI5QTgzRUE1QTA0LmpwZWc=-.jpg,image,4,2024-02-28 14:47:27,2024-04-26 22:59:51
18,1,/Rx34sd0Qm2DFhtOv9A0LYGS7bhc7Ib-metaNzA1OTVCRjMtOTlGMS00REI0LTk2OUYtRkNDNDc2NkI4NDNGLmpwZWc=-.jpg,image,2,2024-02-28 15:12:48,2024-04-26 22:59:51
19,2,/HuGBMr1kuE4V0ObEgH7IWDWtjNPmzD-metaNDFEQkQ0QjktOEI0QS00MkU5LUI4QjctNjFCQTNDQjUzN0M2LmpwZWc=-.jpg,image,1,2024-02-28 15:24:58,2025-03-02 13:31:11
20,2,/U8PAVCveTJ2vLnHkDhBUymOiZFgAa3-metaMTlGMUY5OEQtQjFFOS00ODBGLUE3Q0EtMTBCQ0JDNTMwNjFELmpwZWc=-.jpg,thumbnail,1,2024-02-28 15:25:54,2025-03-02 13:32:16
23,3,/G9SBF9lyyzloXloq1DQcUyMIzIGYyF-metaMERBQUZFQzQtRkI2Ni00MzU4LTg4QUMtODgwMTY5RTY1RTRDLmpwZWc=-.jpg,thumbnail,1,2024-02-29 18:40:54,2024-02-29 18:40:54
24,3,/pM87mjoq6zQY7xMOekLQpLSwKUxP8t-metaMkM0QjVGQzgtRTJCMi00NkEzLUJEN0MtQkY3QjExMzkwMUI0LmpwZWc=-.jpg,image,1,2024-02-29 18:42:10,2024-02-29 18:42:10
25,3,/ITzXMk0f9JKsw3zR09o7v54VxAFRVg-metaQUI2NjFBMjEtMDkzQi00MEEwLUI4MjYtN0VERTg4RDBCRkJDLmpwZWc=-.jpg,image,1,2024-02-29 18:47:06,2024-02-29 18:47:06
26,5,/9IGeOFpLuAyiEdpySPHxUoG0YFvquI-metaQjgzNkMyQkItQjRDMS00NDk1LUI1QjctMjkyREQ0ODgwM0QyLmpwZWc=-.jpg,image,1,2024-03-01 12:30:53,2024-03-01 12:30:53
27,5,/JmPRJzfYOvJO2WpugMsw1ruz1d70O8-metaQ0FFRDA0REYtNDczMy00NDYyLUI4M0QtRkFGOEQ0MkM1MUQwLmpwZWc=-.jpg,thumbnail,1,2024-03-01 12:31:55,2024-03-01 12:31:55
28,5,/CpMksIUhk6CxG7xEcBlJNjR1yWQSho-metaQzJERjlFMDgtNDA1OS00MEM1LUFGRkYtNEZFMDE5ODQ3REJELmpwZWc=-.jpg,image,1,2024-03-01 12:32:40,2024-03-01 12:32:40
29,5,/XDfQzb8WgX1bV82WdEbPDmCZBlf2s3-metaQkUzREM1NzktODk4Ri00QzY1LUJBNUItNTA4RjFCNzBBQzk4LmpwZWc=-.jpg,image,1,2024-03-01 12:34:24,2024-03-01 12:34:24
30,6,/DURQpXrM6hWXV6m7LnjtoldKywBuRW-metaRTMxQUE5RDktNUM5RC00Q0YwLUE2NzgtNTkxRkI0QTQxNTVELmpwZWc=-.jpg,thumbnail,1,2024-03-02 12:13:21,2024-03-02 12:13:21
31,6,/2DzALNxHWULPVGYmrhbGPUW5LdZV7P-metaNzZCMDA3N0UtNzEzOC00QTVBLUFBRjQtMkJBRjBFMjkwRUI4LmpwZWc=-.jpg,image,1,2024-03-02 12:13:53,2024-03-02 12:13:53
32,6,/HpsbdhqqrgqmB1mCHNpb42Tvru5JSe-metaQzFCREYwODAtMTkwRi00QkQ5LTg2MTQtNENBM0EyRTQyQTI5LmpwZWc=-.jpg,image,1,2024-03-02 12:14:53,2024-03-02 12:14:53
35,7,/wXyY7zxWE5RaWnb8HGdgvefvrtmlQt-metaOTBENTJBOTMtRUEwRi00OTFFLUIxMTgtOTY2QTlBNDA2RjdELmpwZWc=-.jpg,image,1,2024-03-02 12:39:59,2024-03-02 12:39:59
36,7,/st5lB6sRi9Tv1O5TEuuk39r9aHEdTX-metaQTZGRDBGRDctODQ4Qy00RkRBLTk2RDMtNkY1NUNDRDJGOEI3LmpwZWc=-.jpg,image,1,2024-03-02 12:40:34,2024-03-02 12:40:34
38,8,/2cOvnYnsRKM6dBQlvbuBZNxOWVx9UF-metaMThBNjYyQjctMTk0Ni00QjFCLUFCRDktMzYzQ0M5RkI2NzY3LmpwZWc=-.jpg,image,1,2024-03-02 12:47:21,2024-03-02 12:47:21
39,8,/ORLSbFx05VTTmvbA6KMnKCKXo3gwrM-metaRTQ5RkUzMTctNjU2My00NzMyLTk4MTUtOTMyRjM3MzFEMTUxLmpwZWc=-.jpg,thumbnail,1,2024-03-02 12:47:38,2024-03-02 12:47:38
40,8,/s9RG5bUmLjPjpGTMOsJhx657Ry8QW3-metaQjU4RTEyMjEtRERGNy00NkM3LUFDNUQtNkZGNjEyQjQ2Qzk0LmpwZWc=-.jpg,image,1,2024-03-02 12:48:00,2024-03-02 12:48:00
41,9,/d6G3Ot9mcY6KoHEuQGfXJOcYJdojQ3-metaNDNBMTBBQTctOTRCQS00QjZCLTlBNkItNTEzNDZEQTA5OTdGLmpwZWc=-.jpg,thumbnail,1,2024-03-02 13:12:35,2024-03-02 13:12:35
42,9,/bHr7WyBj3GrO8ypTOPP1elWjYrp73Y-metaMUJGMDUyRTQtRUUzOS00RUIwLTk5QjktNzNDNDBGOTU2RUVCLmpwZWc=-.jpg,image,1,2024-03-02 13:12:50,2024-03-02 13:12:50
43,9,/fKZmK58sSkK6xwoQjdPtgWyh2MXxux-metaMTA3OUE5RDktMDUyRi00NzE3LUI2RUYtMzg2MUFGRDMwRUM1LmpwZWc=-.jpg,image,1,2024-03-02 13:13:16,2024-03-02 13:13:16
44,9,/63bPsE8lb71XMgKHRUvGuqDRwrtWzK-metaQkE3NDA4QUQtOUQxQi00NzM0LUE1M0ItNjI5MDJDRkU0NUQ3LmpwZWc=-.jpg,image,1,2024-03-02 13:13:42,2024-03-02 13:13:42
45,11,/gQoSLf4IYHTvUrFKgNg4aTBIR2e16s-metaRUY1QTRDNDktODQwMS00MjFBLTkyNjMtQTJFQ0REQjk4NjY0LmpwZWc=-.jpg,thumbnail,1,2024-03-03 12:30:21,2024-03-03 12:30:21
46,11,/wpTN0MlvFctdJTNXXOMMcu66RQvPJc-metaMTU3MTY2RUQtRUE2MC00MEVELUI3RDktMTUyMTMyQzEzRDc5LmpwZWc=-.jpg,image,1,2024-03-03 12:31:31,2024-03-03 12:31:31
47,11,/hsLgtssjovfenBa6cdJ64bYBDO642D-metaMUZEQTVFOTctQTc0Mi00Rjk0LTk2NEQtREI3MkE4NDdDMjc0LmpwZWc=-.jpg,image,1,2024-03-03 12:33:45,2024-03-03 12:33:45
48,11,/qcAHDLjPQybt8NWEoZkTVq6b6zaZem-metaQUQyOTNCM0YtRTZCMi00OEFBLTgzMUItQzNCREM3MDNBRTg2LmpwZWc=-.jpg,image,1,2024-03-03 12:34:23,2024-03-03 12:34:23
49,12,/4H04DFNnvrHeQ9el3Xd9IohcUyQqUW-metaRkZCNTVENUUtQ0MxRS00RjQ3LUFCRTAtRDU2NTREQTZENkRFLmpwZWc=-.jpg,thumbnail,1,2024-03-03 13:36:37,2024-03-03 13:36:37
50,12,/SlOhYaqVuNAEplawd674pgSrJ6m3FQ-metaNzFBNDk2NTEtMzczNy00NkZBLTlDMkEtQkVGNEVBRTU1MDkzLmpwZWc=-.jpg,image,1,2024-03-03 13:37:09,2024-03-03 13:37:09
51,12,/iDmOUc9tztyaFqGZyfYEoKVdoT23wX-metaNERENjIyMUMtQjYzMS00MDdELTgzRDQtNkFEQzQ3QTRGMEVCLmpwZWc=-.jpg,image,1,2024-03-03 13:37:47,2024-03-03 13:37:47
52,12,/hoHG4whq7WvOPU3ab7rN8UH584LLpH-metaMkQ5Mjc1QjQtM0JCMC00MTZELUJGNkQtMzJFQTczM0ZDMTUyLmpwZWc=-.jpg,image,1,2024-03-03 13:39:41,2024-03-03 13:39:41
53,13,/tMYSBlHsCdJsXeTqHclFeM0Mywshb3-metaRDNGMzQxOEQtNUY2OS00QTk5LUJDRTQtQTRBNTRFQTIzQUI3LmpwZWc=-.jpg,image,1,2024-03-03 13:46:59,2024-03-03 13:46:59
54,13,/Z4hpHprJyQV8cTn7BZxcvhZ8GdXVPw-metaODMzQTVCNDUtMDg4QS00NzI0LUE2ODYtQ0IzNDczRjYzNTYxLmpwZWc=-.jpg,thumbnail,1,2024-03-03 13:47:29,2024-03-03 13:47:29
55,13,/9drDNoU4tmFAjT4aBFwIUkVgCMwqd1-metaNEJDNzg0QkMtOUYyNy00RjU0LTkxMTQtQkZBNjQ3ODU0QTMwLmpwZWc=-.jpg,image,1,2024-03-03 13:48:36,2024-03-03 13:48:36
56,14,/ubORIs43g2clqR9ob4Z2V35hg7gWNT-metaMjBFQUVFNkMtNzFCOS00RDM2LThENjUtQjlGNzU0QzA2QUYxLmpwZWc=-.jpg,thumbnail,1,2024-03-03 14:19:48,2024-03-03 14:19:48
57,14,/ZaNNokQzRjgPAHb1ARwLlr8bJ3EkkO-metaNkU5NkI3NzAtOENDNy00MDc3LThBRkMtREUzMzdFRDc2NkEyLmpwZWc=-.jpg,image,1,2024-03-03 14:20:14,2024-03-03 14:20:14
58,14,/FkQ5HRlHm3uRuZKJ8aHUk8ShxC3N1i-metaNTRGOThFMDItMTlFQi00NzczLUExNkItQ0E3MDhBNjQyOEZBLmpwZWc=-.jpg,image,1,2024-03-03 14:20:42,2024-03-03 14:20:42
59,14,/LPfH45WQCP4Nyb4jNtX8nbRCXS6rnz-metaNDAyMzVBNTMtNDBFMi00QTY0LThDNDAtRTg5NUZCMEIyQzNGLmpwZWc=-.jpg,image,1,2024-03-03 14:21:28,2024-03-03 14:21:28
60,15,/WfJQc6mdy3gjumiY09wz0eHNzULVxx-metaQjJBMENBMzMtOEFEMi00NjJELTlDQTUtNjE4MDE0MEY2NTczLmpwZWc=-.jpg,image,1,2024-03-03 14:31:39,2024-03-03 14:32:42
61,15,/cuSGSw7PuZf5taFso9SH8Xok3jACLH-metaNkI5NjgwREQtRjIxOS00MjdFLTlGNjYtREE1NzY2NTNDRkVBLmpwZWc=-.jpg,thumbnail,1,2024-03-03 14:32:09,2024-03-03 14:32:09
62,15,/xl2YE695jftUcXX9bCfsNqANlSSNe6-metaQ0M4MkJFQ0QtOENCOC00RUJGLUE1RTYtQTE1MTEzQ0JENTVBLmpwZWc=-.jpg,image,1,2024-03-03 14:33:19,2024-03-03 14:33:19
63,15,/XsjBiYqrgQCWmozd99tRw3qHwQLYGd-metaQjkzODg3MDAtNkM2Qi00Q0UwLUE4MzgtRDU2NjBCODdBNkQyLmpwZWc=-.jpg,image,1,2024-03-03 14:36:47,2024-03-03 14:36:47
64,15,/K6P5FRa9Jdtqf8qGfJLTb0h68X7TZ5-metaREY5QTc3MEUtMkQwNS00Q0VCLTk5NzktODdENkI4QzBDN0RBLmpwZWc=-.jpg,image,1,2024-03-03 14:37:45,2024-03-03 14:37:45
65,16,/Lm2zNE5gF4XcZ6Gw3yTjytF1h7bABr-metaQjAyREUzNzAtREZBRC00REVFLTk0MzItMzY1QzAwMkEzNjhCLmpwZWc=-.jpg,thumbnail,1,2024-03-03 15:15:05,2024-03-03 15:15:05
66,16,/NRZcViiWcre2Vhr0qoAj5vnEAt0GF5-metaQTk0QjFGNDktMjRBOC00MzdELTlGNjEtM0M1NTVGOThDMzE5LmpwZWc=-.jpg,image,1,2024-03-03 15:15:25,2024-03-03 15:15:25
67,16,/Q4VcffWs7L8fPHkUGPugGhLMeP9rU4-metaMDVGRTExNTgtMDU1QS00MEM2LTg5NUQtMzBFMEVGQ0M1RDNDLmpwZWc=-.jpg,image,1,2024-03-03 15:15:49,2024-03-03 15:15:49
68,17,/BLNowATNDFElItjLZ8v94muoXzVwCq-metaOUZCNDc3RTUtMjI4NC00MTI4LTlEMUItMUVGMkNFRTUyNzFDLmpwZWc=-.jpg,image,1,2024-03-03 15:52:49,2024-03-03 15:52:55
69,17,/aIFBsl9rJXZ9eEFlyDIfxWLHVClP0S-metaNkU4QzM0QkItMDg1RC00M0ZBLTk2ODktOTBGNDQzRDRGMzMyLmpwZWc=-.jpg,thumbnail,1,2024-03-03 15:53:33,2024-03-03 15:53:33
70,17,/gGdz3iYziJlKc3fMnNcyutMvjxRsqU-metaN0E0NzRFQzAtQUIyNy00Q0YyLUFFOUQtODFGODNEMjc3MDk5LmpwZWc=-.jpg,image,1,2024-03-03 15:54:37,2024-03-03 15:54:37
71,18,/j1eAEBVlR5e6dPNS0sdVWPvXEE8jvD-metaRUQzNjI3MEUtREFEOS00MEIyLTlDQkEtQTk1OUFENzQyQUU3LmpwZWc=-.jpg,thumbnail,1,2024-04-03 15:08:00,2024-04-03 15:08:00
72,18,/AhjkWE1JcwKr6vMCvcPixO4xaShEvM-metaREIxMkQxRUEtRjlEQy00RTE1LTg5M0MtRjIwQzkzNjI5RUM3LmpwZWc=-.jpg,image,1,2024-04-03 15:08:16,2024-04-03 15:08:16
73,18,/0KH2HDj7vBoP8SCPyHjWA5YPP4GhFT-metaRDkzQzk5OTMtNkVEQS00RjY4LUEzRDktQ0JGQUY3RkFFNUY0LmpwZWc=-.jpg,image,21,2024-04-03 15:08:59,2024-04-03 15:08:59
75,10,/Wbc8VNNERMOU8i5B6UIhjR5WA0zmzu-metaRDAxNkYwMUQtOUM3QS00REI0LTk4MkQtNTY5MUY0RjUyQ0QxLmpwZWc=-.jpg,image,1,2024-04-03 20:00:43,2024-04-03 20:02:47
76,10,/jqt9uHMqRsMENNc4HenpK1A9EP9gYb-metaQjgxQTBBRUMtMDhENi00RUE4LTk3NkYtRkYwNENFNzY5OTQwLmpwZWc=-.jpg,image,1,2024-04-03 20:01:47,2024-04-03 20:01:47
77,10,/GPZEDMt3JJrR6SlRwc4xXuCc14IMa8-metaRUJGRkEwMkItMTZEQi00OTcyLTkwNEQtRUY4MEEwQjM1MTc1LmpwZWc=-.jpg,thumbnail,1,2024-04-03 20:02:23,2024-04-03 20:02:23
78,10,/WvLMvmm1VPX6Kej8FIOrwwIE24d1K7-metaREEyMkI5QzQtNDgxNC00MzRCLTk1MTktN0M5MzkzMkFDREY1LmpwZWc=-.jpg,image,12558,2024-04-03 20:03:34,2024-04-03 20:03:34
79,10,/X7FYdOptidY34K8kUwqMOKAM772ijm-metaQkI4ODkzQUEtMDFBRS00NzFGLTkzRkUtRTM2OEUxNkYyQzEwLmpwZWc=-.jpg,image,1,2024-04-03 20:04:09,2024-04-03 20:04:09
80,20,/2HfrtqNp7bUU0g8kj4RFpQxdYLKJn6-metaOUQwODA2NEQtN0Q2MS00RTk5LUI3OUEtQUUyODA2OEQ2QjhELmpwZWc=-.jpg,thumbnail,39,2024-04-04 20:24:49,2024-04-04 20:24:49
81,20,/e2uEvRcmquzekgtOlMMy6npU0WcBjn-metaRkU2MThFMjctNkVDNi00MkFELUJFQTctMkFCQTU4N0Q2MEVFLmpwZWc=-.jpg,image,11,2024-04-04 20:25:11,2024-04-04 20:25:11
82,21,/ZHBTuITjBwg9skkpy3XDU5wvS9IX2w-metaQTFBQjE0RjItRjY4QS00QUY1LTk3RkQtQTc4QzJCNTE0RUQ0LmpwZWc=-.jpg,thumbnail,1,2024-04-06 15:59:16,2024-04-06 15:59:16
83,21,/T2XuphQHD5GExn9mh1cli7wc5Wrett-metaQjlENThCNzAtMzlDNC00QkM2LUFCREQtQTIxRDdGM0RCMkQ3LmpwZWc=-.jpg,image,1,2024-04-06 15:59:27,2024-04-06 15:59:27
84,21,/WrE2YgQezUu4HmQA9nq6YBXfBksBPM-metaMkFDMDBENkYtNjNFMC00NDJCLThGNjgtOTQ0MTkxOTM0MEFELmpwZWc=-.jpg,image,2,2024-04-06 15:59:54,2024-04-06 15:59:54
85,21,/8rA5Mfd23A8maVil9rqCGkNxaPOXlF-metaRkEwOEU0QzUtRjg4Ni00QUU1LUIxQTUtM0M0MUIxQTc4MzA5LmpwZWc=-.jpg,image,1,2024-04-17 22:37:47,2024-04-17 22:37:47
86,21,/kqUxoZwjAom5DFDpXYWX4PpSR5d6TS-metaMEE3Q0ZCODMtRDE4Ni00MzgzLUE4REEtNEI4QzEwNDhDNjgwLmpwZWc=-.jpg,image,1,2024-04-17 22:38:21,2024-04-17 22:38:21
87,21,/YJjeGmo1CShQliahhQgDnU8NqndwYp-metaRTU2OEZFQkYtQjNFOC00MEQ0LTk2RUQtOEEwQjA5NTI0NEU0LmpwZWc=-.jpg,image,1,2024-04-17 22:39:25,2024-04-17 22:39:25
88,21,/ssBw3yQh3JwXCetld0m0Xdcp1gIHlQ-metaNkJDMkJCQjQtNjk4Qy00M0E0LUFBMjEtMjI0QkJFNDdBQjg3LnBuZw==-.jpg,image,1,2024-04-17 22:40:33,2024-04-17 22:40:33
89,22,/5NwrfTN0rwN9LMvc33I8cJTcEXh8ld-metaOUU1N0U4QkItRjYxQS00QURCLTkyMkUtRDU5QTU3MDA0QzRGLmpwZWc=-.jpg,thumbnail,1,2024-04-21 14:43:24,2024-04-21 14:43:24
90,22,/rLDFac99K2e8pGGbbNbLstUZqFwtaO-metaQzc3MTc5QTEtQzM2Ri00RjM5LThBNDktNzI1QjY1MzgwOUY4LmpwZWc=-.jpg,image,2,2024-04-21 14:54:39,2024-04-21 14:54:39
91,22,/8rkwhbZ5SJjR9d2ETDbXtKropzeKgf-metaRjdENTMyOTEtRjU1My00MThDLUIyNjMtOUYzOTRGMTBGNkQxLmpwZWc=-.jpg,image,221,2024-04-21 14:55:31,2024-04-21 14:55:31
92,23,/01J267ECA7ERR18TBG30VZFYQG.webp,thumbnail,1,2024-07-07 16:12:21,2024-07-07 16:12:21
93,23,/01J267F1GQ4FZGN8DMHXXJKKYF.webp,image,1,2024-07-07 16:12:43,2024-07-07 16:12:43
94,23,/01J267FMCZ6M785Z08ZZREMEAD.webp,image,1,2024-07-07 16:13:02,2024-07-07 16:13:02
95,23,/01J267G24D1A22D3BE9YPR0HTV.webp,image,1,2024-07-07 16:13:16,2024-07-07 16:13:16
96,24,/01J267VPR560TXW35N2SVB6936.webp,thumbnail,1,2024-07-07 16:19:40,2024-07-07 16:19:40
97,24,/01J267WCE9D5HPEQF2X4P0GE3X.webp,image,1,2024-07-07 16:20:00,2024-07-07 16:20:00
98,24,/01J2PCHF1T9Z4H7FYX3X5GWGRZ.webp,thumbnail,1,2024-07-13 22:49:16,2024-07-13 22:49:16
99,24,/01J2PDNNYNJXJBTCWWSZD54PMK.webp,thumbnail,1,2024-07-13 23:09:05,2024-07-13 23:09:05
100,25,/01J2PG43HJB15112FMK9SYFSWE.webp,image,1,2024-07-13 23:51:54,2024-07-13 23:51:54
101,25,/01J2PGB44RSXSK54Z77SDRWZ2P.webp,thumbnail,1,2024-07-13 23:55:42,2024-07-13 23:55:42
102,25,/01J2PGF1KSMSDVSR8GG49H9XT1.webp,thumbnail,1,2024-07-13 23:58:01,2024-07-13 23:58:01
103,24,/01J2PGSE57WJD49SJZKHXV8TCK.webp,image,1,2024-07-14 00:03:31,2024-07-14 00:03:31
104,26,/01J302CJCVZDFD6GYZQJNJ8X3A.webp,thumbnail,1,2024-07-17 17:04:14,2024-07-17 17:04:14
105,26,/01J302D4ER5ZAF56K09PMQYS28.webp,image,1,2024-07-17 17:04:32,2024-07-17 17:04:32
106,27,/01J3A9SDFXQV4C5YAWA1HC2PT1.webp,thumbnail,1,2024-07-21 16:25:59,2024-07-21 16:25:59
107,27,/01J3A9SVA6GTDXZJSVJTRPZW6X.webp,image,1,2024-07-21 16:26:13,2024-07-21 16:26:13
108,27,/01J3A9TCV4XAZQZGHATFQ7YHE1.webp,image,1,2024-07-21 16:26:31,2024-07-21 16:26:31
109,27,/01J3A9TR83YYQNFXF4V5MNGH2Y.webp,image,1,2024-07-21 16:26:43,2024-07-21 16:26:43
110,28,/01J3MPSSQKN8643MP27VW0XFD3.webp,thumbnail,1,2024-07-25 17:25:48,2024-07-25 17:25:48
111,28,/01J3MPT7WXD0YB4DR4V6PM3GDV.webp,image,1,2024-07-25 17:26:03,2024-07-25 17:26:03
112,28,/01J3MPTX4JFTEDTKFSYE7Q8DJA.webp,image,1,2024-07-25 17:26:24,2024-07-25 17:26:24
114,29,/01J3MQ3JSR4MN0KYEPN8RFYEA2.webp,image,1,2024-07-25 17:31:08,2024-07-25 17:31:08
115,30,/01J4BPM4CRA02X820VGX51MXKN.webp,thumbnail,1,2024-08-03 15:45:14,2024-08-03 15:45:14
116,30,/01J4BPMVA4CWYHRW9EQSFE5HWD.webp,image,1,2024-08-03 15:45:40,2024-08-03 15:45:40
117,30,/01J4BPPJJ1PP83KZQSWFYMDDZ9.webp,image,1,2024-08-03 15:46:34,2024-08-03 15:46:34
118,30,/01J4BPRYWV03BAP3G34RP92E25.webp,image,1,2024-08-03 15:47:53,2024-08-03 15:47:53
119,30,/01J4BPSVK4JMVR7TP697X1SX1S.webp,image,1,2024-08-03 15:48:21,2024-08-03 15:48:21
120,30,/01J4BPVT8X60T8QKRQWPHGC2V5.webp,image,1,2024-08-03 15:49:26,2024-08-03 15:49:26
121,31,/01J4PE6WSBVF0PK3Y8YTGH20N6.webp,thumbnail,1,2024-08-07 19:49:50,2024-08-07 19:49:50
122,31,/01J4PE7ECJE9PSEPXV27Z3HYVT.webp,image,1,2024-08-07 19:50:10,2024-08-07 19:50:10
123,31,/01J4PEGA5F1DV78MM6W6BGGC38.webp,image,1,2024-08-07 19:55:00,2024-08-07 19:55:00
124,31,/01J4PEGQVT0ZTSV7A6GWPCGCWR.webp,image,1,2024-08-07 19:55:13,2024-08-07 19:55:13
125,31,/01J4PEH3B3DHY1N544XAZ2K8VX.webp,image,1,2024-08-07 19:55:24,2024-08-07 19:55:24
126,6,/01J764F1QDJT3MQM5ZQ45D3ZYN.webp,thumbnail,1,2024-09-07 18:38:49,2024-09-07 18:38:49
127,6,/01J764J7V28SEJFJBTGSW4QBKR.webp,image,1,2024-09-07 18:40:33,2024-09-07 18:40:33
128,32,/01JA0QFH7FNG7FZ1W85W6KBJVX.webp,thumbnail,1,2024-10-12 23:02:43,2024-10-12 23:02:43
129,32,/01JA0QGWH6K3QPA33183XSD6A5.webp,image,1,2024-10-12 23:03:28,2024-10-12 23:03:28
130,32,/01JA0QHAQVSK2MZ9HA15CA24D3.webp,image,1,2024-10-12 23:03:42,2024-10-12 23:03:42
131,32,/01JA0QHVJRCE043QJJWGMQA787.webp,thumbnail,1,2024-10-12 23:03:59,2024-10-12 23:03:59
132,32,/01JA0QJ7T6CG7EXH5YWS08QQT1.webp,image,1,2024-10-12 23:04:12,2024-10-12 23:04:12
133,32,/01JA0QJJ048HTNJ7NP1CQCTCK5.webp,image,1,2024-10-12 23:04:22,2024-10-12 23:04:22
134,32,/01JA0QK1M09SV7BP1FNHV1HSAJ.webp,image,1,2024-10-12 23:04:39,2024-10-14 22:30:15
135,33,/01JA0S5EY3DWW7QSK795TFPRZ6.webp,thumbnail,1,2024-10-12 23:32:10,2024-10-12 23:32:10
136,33,/01JA0S622R94AKF0ZVFATMWRTM.webp,image,1,2024-10-12 23:32:30,2024-10-12 23:32:30
137,33,/01JA0S6FBAXKQNVMZVZATZ675M.webp,image,1,2024-10-12 23:32:44,2024-10-12 23:32:44
138,33,/01JA0S74HC42WRPYDE2G5WSDZP.webp,image,1,2024-10-12 23:33:05,2024-10-12 23:33:05
139,33,/01JA0S7G2NR14N8SGEDKE9FVJH.webp,image,1,2024-10-12 23:33:17,2024-10-12 23:33:17
140,34,/01JA3BA4JTNY2DM6KAPDD7Y1ZN.webp,image,1,2024-10-13 23:27:47,2024-10-14 22:22:16
142,34,/01JA3BBK1GQWWTT6AK5N18VJN7.webp,thumbnail,1,2024-10-13 23:28:34,2024-10-14 22:22:23
143,34,/01JA3BCH50N7JSGXJ18BW64E9J.webp,image,1,2024-10-13 23:29:05,2024-10-13 23:29:05
145,34,/01JA3BJNF4RSQEB8T8ZG5DNQYV.webp,image,1,2024-10-13 23:32:26,2024-10-13 23:32:26
146,34,/01JA3BK6CJPY8DNGK56C6P3377.webp,image,1,2024-10-13 23:32:43,2024-10-13 23:32:43
147,34,/01JA3BKKC1SCTBGA2T91DS7ATV.webp,image,1,2024-10-13 23:32:57,2024-10-13 23:32:57
148,34,/01JA3BM0ZBTQ229FGY4D084NW2.webp,image,1,2024-10-13 23:33:11,2024-10-13 23:33:11
149,35,/01JA3C08ERDJ0N7VQDHW5Q7JTT.webp,thumbnail,1,2024-10-13 23:39:52,2024-10-13 23:39:52
150,35,/01JA3C0ZYNGDEFXVZ8GZJ7KBX3.webp,image,1,2024-10-13 23:40:16,2024-10-13 23:40:16
151,35,/01JA3C1KGY8BS86Y64S8BF7HYW.webp,image,1,2024-10-13 23:40:36,2024-10-13 23:40:36
152,35,/01JA3C2FRMSNZK02W8DQH1HAQ2.webp,image,1,2024-10-13 23:41:05,2024-10-13 23:41:05
153,35,/01JA3C3FRCDP43XCM03ZCT7ZVG.webp,image,1,2024-10-13 23:41:37,2024-10-13 23:41:37
154,35,/01JA3C3XJHXNPVT1W4B036SGWE.webp,image,1,2024-10-13 23:41:51,2024-10-13 23:41:51
155,36,/01JA5EWSTCKXDF64GGJ30JXP4B.webp,thumbnail,1,2024-10-14 19:08:53,2024-10-14 19:08:53
156,36,/01JA5EYND8Q8TJ66WBY27DJF97.webp,thumbnail,1,2024-10-14 19:09:54,2024-10-14 19:09:54
157,36,/01JA5EZ26NM19AZ0VEFTR04BNQ.webp,image,1,2024-10-14 19:10:07,2024-10-14 19:10:07
158,36,/01JA5EZHJPYNFNTX8TGJMN4MFZ.webp,image,1,2024-10-14 19:10:23,2024-10-14 19:10:23
159,36,/01JA5F080710XZ48SJG9C5NQ38.webp,image,1,2024-10-14 19:10:46,2024-10-14 19:10:46
160,36,/01JA5F0W2RM4NA5VYTH856BW7R.webp,image,1,2024-10-14 19:11:07,2024-10-14 19:11:07
161,36,/01JA5F1NRWT1MTXYWWQSZFD2KP.webp,image,1,2024-10-14 19:11:33,2024-10-14 19:11:33
162,36,/01JA5F2RDDQVFD64K357JN2ANJ.webp,image,1,2024-10-14 19:12:08,2024-10-14 19:12:08
163,36,/01JA5F3HYY3Y4AG3TZP6BKN7R9.webp,image,1,2024-10-14 19:12:34,2024-10-14 19:12:34
164,37,/01JA5FK1XY72GCQ3YX237RTS7C.webp,thumbnail,1,2024-10-14 19:21:02,2024-10-14 19:21:02
165,37,/01JA5FKKPB5CQSSSP8EGJV71GH.webp,image,1,2024-10-14 19:21:20,2024-10-14 19:21:20
166,37,/01JA5FM1T5G4WHK65NKTFPBF8W.webp,image,1,2024-10-14 19:21:35,2024-10-14 19:21:35
167,37,/01JA5FMF7WNSFA9J9ZPYT52CVS.webp,image,1,2024-10-14 19:21:49,2024-10-14 19:21:49
168,38,/01JA5FYQR7A733EH1F156S72HM.webp,thumbnail,1,2024-10-14 19:27:25,2024-10-14 19:27:25
169,38,/01JA5FZ3KH8Z53MMFD21HESY1Y.webp,image,1,2024-10-14 19:27:37,2024-10-14 19:27:37
170,38,/01JA5FZP4T84KPZJ05C25085MJ.webp,image,1,2024-10-14 19:27:56,2024-10-14 19:27:56
171,38,/01JA5G0Q9DAT256R6QA6EP5PX5.webp,image,1,2024-10-14 19:28:30,2024-10-14 19:28:30
172,38,/01JA5G3K896W5YZ60J5GNY8HHZ.webp,image,1,2024-10-14 19:30:05,2024-10-14 19:30:05
173,39,/01JA5GR04WH8ZR5J778ZA7XAV8.webp,thumbnail,1,2024-10-14 19:41:13,2024-10-14 19:41:13
174,39,/01JA5GRGC7N407QEFHNKWXXD99.webp,image,1,2024-10-14 19:41:29,2024-10-14 19:41:29
175,39,/01JA5GS0FYFDBGGAVKE53KV8H1.webp,image,1,2024-10-14 19:41:46,2024-10-14 19:41:46
176,39,/01JA5GSTA8DPNP8RJNNQGM53Q0.webp,image,1,2024-10-14 19:42:12,2024-10-14 19:42:12
177,39,/01JA5GT8Z4HWXTNN34KXD0W394.webp,image,1,2024-10-14 19:42:27,2024-10-14 19:42:27
178,39,/01JA5GTYQHNH8GHRDZM4704KJ2.webp,image,1,2024-10-14 19:42:50,2024-10-14 19:42:50
179,41,/01JA5RNZMXWKS7GSBBQC90DJQZ.webp,thumbnail,1,2024-10-14 21:59:55,2024-10-14 21:59:55
180,41,/01JA5RPJ1W52CJSYAF5EWXQ1GB.webp,image,1,2024-10-14 22:00:14,2024-10-14 22:00:14
181,41,/01JA5RQCRW2DBJRX7YM96SQ4NT.webp,image,1,2024-10-14 22:00:41,2024-10-14 22:00:41
182,41,/01JA5RQPSWZXNEMQ4FPNQ63YMS.webp,image,1,2024-10-14 22:00:55,2024-10-14 22:00:55
183,41,/01JA5RR7HJ98HCJ0GSMSB7P70X.webp,image,1,2024-10-14 22:01:09,2024-10-14 22:01:09
184,41,/01JA5RRPATN8NWZ2E9MSPECXTE.webp,image,1,2024-10-14 22:01:24,2024-10-14 22:01:24
185,41,/01JA5RS5R97HSHYGZM9Z8QXXR8.webp,image,1,2024-10-14 22:01:40,2024-10-14 22:01:40
186,42,/01JA5S2V0T5TDKP1QSPAD1WR47.webp,thumbnail,1,2024-10-14 22:06:56,2024-10-14 22:06:56
187,42,/01JA5S3P1W9XG2V43YES4PGFVJ.webp,image,1,2024-10-14 22:07:24,2024-10-14 22:07:24
188,42,/01JA5S448RYVMSFSVXFNE2Q0WK.webp,image,1,2024-10-14 22:07:39,2024-10-14 22:07:39
189,42,/01JA5S4FZZ6ZWNN5Y34C32C74S.webp,image,1,2024-10-14 22:07:51,2024-10-14 22:07:51
190,42,/01JA5S4TNHM3JHZDP9EMZGT6C9.webp,image,1,2024-10-14 22:08:02,2024-10-14 22:08:02
191,43,/01JA5SCA1ED60CM0Q44HZX2EG3.webp,thumbnail,1,2024-10-14 22:12:07,2024-10-14 22:12:07
192,43,/01JA5SCQB2Z2RH3RTJPCB6GA8M.webp,image,1,2024-10-14 22:12:20,2024-10-14 22:12:20
193,43,/01JA5SD2SYXZFSFQBAHKJENW32.webp,image,1,2024-10-14 22:12:32,2024-10-14 22:12:32
194,43,/01JA5SDHXB50SQB9BY8JDVDECF.webp,image,1,2024-10-14 22:12:48,2024-10-14 22:12:48
195,43,/01JA5SDYQHM24X2MPZHHNT58T0.webp,image,1,2024-10-14 22:13:01,2024-10-14 22:13:01
196,43,/01JA5SEBNEEHFEFWANRBR4WV0D.webp,image,1,2024-10-14 22:13:14,2024-10-14 22:13:14
197,44,/01JA5TRQEJ6K38M7CTC18F4W9S.webp,image,1,2024-10-14 22:36:22,2024-10-14 22:41:42
198,44,/01JA5TS318CMKDMA5Z0GMXP0M8.webp,image,1,2024-10-14 22:36:34,2024-10-14 22:36:34
199,44,/01JA5TSF963SKZ11GQ6KZ2YM9D.webp,image,1,2024-10-14 22:36:47,2024-10-14 22:36:47
200,44,/01JA5TT9SQF8H31VTCGYM3VHVA.webp,image,1,2024-10-14 22:37:14,2024-10-14 22:42:01
201,44,/01JA5TVG14WQ4QW765EC2FK51T.webp,thumbnail,1,2024-10-14 22:37:53,2024-10-14 22:37:53
202,44,/01JA5TVVQH8728ASWCDYEGQJ42.webp,image,1,2024-10-14 22:38:05,2024-10-14 22:38:05
203,45,/01JACGC6RFK927PRG0B47YDWEH.webp,thumbnail,1,2024-10-17 12:49:27,2024-10-17 12:49:27
204,45,/01JACGCT73H2KGYQ13P8MQTE9N.webp,image,1,2024-10-17 12:49:47,2024-10-17 12:49:47
205,45,/01JACGDV1XVG2SQVSAZJGS698M.webp,image,1,2024-10-17 12:50:21,2024-10-17 12:50:21
206,45,/01JACGE68G4GSP64FVVTZM5SNP.webp,image,1,2024-10-17 12:50:32,2024-10-17 12:50:32
207,45,/01JACGF118G1Z36G6KCSCMPQT1.webp,image,1,2024-10-17 12:51:00,2024-10-17 12:51:00
208,45,/01JACGFD7W5K9ZF735GDTWH5MX.webp,image,1,2024-10-17 12:51:12,2024-10-17 12:51:12
209,46,/01JACGWDY0G2144A2V9R5Y6XBA.webp,thumbnail,1,2024-10-17 12:58:19,2024-10-17 12:58:19
210,46,/01JACGWXKM8XHAZ6E8RCHG6GS9.webp,image,1,2024-10-17 12:58:35,2024-10-17 12:58:35
211,40,/01JAD6PPSTZJSCMK67161B8SQZ.webp,thumbnail,1,2024-10-17 19:19:40,2024-10-17 19:19:40
212,40,/01JAD6Q4Y5WTZBJXEHXRK0G781.webp,image,1,2024-10-17 19:19:55,2024-10-17 19:19:55
213,40,/01JAD6QHC20NBKEQ4KJZX19CE1.webp,image,1,2024-10-17 19:20:08,2024-10-17 19:20:08
215,47,/01JAD77PVRA0FB83S2JSPT90QX.webp,thumbnail,1,2024-10-17 19:28:57,2024-10-17 19:28:57
216,47,/01JAD787SGHM97GPSA2Q55FREH.webp,image,1,2024-10-17 19:29:14,2024-10-17 19:29:14
217,47,/01JAD78MSYVWR72VCM3CAPWAH1.webp,image,1,2024-10-17 19:29:28,2024-10-17 19:29:28
218,47,/01JAD79981GJZV57V57Y0S5AHK.webp,image,1,2024-10-17 19:29:49,2024-10-17 19:29:49
219,47,/01JAD79TFHD78G42H1PPFCG2RR.webp,image,1,2024-10-17 19:30:10,2024-10-17 19:30:10
225,34,/01JBGFPRYEB7YD1NJCBXKCCHMW.webp,image,1,2024-10-31 12:10:26,2024-10-31 12:10:26
226,34,/01JBGFRN2K9842ZZXCQDERM6RD.webp,thumbnail,1,2024-10-31 12:11:29,2024-10-31 12:11:29
227,34,/01JBGFSYD4W36NW5JWGMXNEYBK.webp,image,1,2024-10-31 12:12:09,2024-10-31 12:12:09
228,35,/01JBGFY1BN9FEH9RFKCBJ3VZQQ.webp,thumbnail,1,2024-10-31 12:14:23,2024-10-31 12:14:23
229,35,/01JBGFZGND2JXKCD33RJVDDSXK.webp,image,1,2024-10-31 12:15:14,2024-10-31 12:15:14
230,40,/01JBGG17V9JMCCVGRR9M6H8092.webp,image,1,2024-10-31 12:16:10,2024-10-31 12:16:10
231,40,/01JBGG2WJ5987WF9HGMJAF7G1M.webp,image,1,2024-10-31 12:17:02,2024-10-31 12:17:02
232,40,/01JBGG616EMRMT8K6VNV3MGNWB.webp,thumbnail,1,2024-10-31 12:18:46,2024-10-31 12:18:46
233,40,/01JBGG6K0W61WQYKE2GJS6KTXR.webp,image,1,2024-10-31 12:19:03,2024-10-31 12:19:03
234,48,/01JBGGA2B7AZ8A9N71WB46S7FN.webp,thumbnail,1,2024-10-31 12:21:00,2024-10-31 12:21:00
235,48,/01JBGGB73TN2ZWYW0J518Z6Y64.webp,image,1,2024-10-31 12:21:35,2024-10-31 12:21:35
236,48,/01JBGGC6PG4Q2KF100G714NDKT.webp,image,1,2024-10-31 12:22:07,2024-10-31 12:22:07
237,48,/01JBGGD8PRMRBEYK05N8MZR7KM.webp,image,1,2024-10-31 12:22:42,2024-10-31 12:22:42
238,46,/01JBGGMADQZ36W7NXTPER4GXPC.webp,image,1,2024-10-31 12:25:56,2024-10-31 12:26:38
239,46,/01JBGGR7453J84YYQ9SY23X91G.webp,image,1,2024-10-31 12:28:44,2024-10-31 12:28:44
240,49,/01JCAN54H8TCRWZMFF9J8VKSJD.webp,thumbnail,1,2024-11-10 16:05:54,2024-11-10 16:05:54
241,49,/01JCAN5QWQC615BYPVR5T6S3CN.webp,image,1,2024-11-10 16:06:13,2024-11-10 16:06:13
242,49,/01JCAN65F8T0QX1Z0E5KFXE5BT.webp,image,1,2024-11-10 16:06:27,2024-11-10 16:06:27
243,49,/01JCAN6VQ9MXM78F4XCX4JHJG0.webp,image,1,2024-11-10 16:06:52,2024-11-10 16:06:52
244,49,/01JCAN7DZ6SB4VNKXNJVP6DGBB.webp,image,1,2024-11-10 16:07:11,2024-11-10 16:07:11
245,49,/01JCANE861RABZB3QP0MSFARGD.webp,image,1,2024-11-10 16:10:52,2024-11-10 16:10:52
246,49,/01JCANEQTQNWKTATHM39P9VF63.webp,image,1,2024-11-10 16:11:08,2024-11-10 16:11:08
247,50,/01JD4DRS35RF826Q2TAHCNXTMD.webp,thumbnail,1,2024-11-20 16:17:04,2024-11-20 16:17:04
248,50,/01JD4DSRHX8VTDE21SNJJHSEFF.webp,image,1,2024-11-20 16:17:36,2024-11-20 16:17:36
249,50,/01JD4DTCW475B9NZM15TKXEZ65.webp,image,1,2024-11-20 16:17:57,2024-11-20 16:17:57
250,50,/01JD4DV8E38WSHAK5VZ252TV6D.webp,image,1,2024-11-20 16:18:25,2024-11-20 16:18:25
251,50,/01JD4DVS2E0GC43B44CH435N4S.webp,image,1,2024-11-20 16:18:42,2024-11-20 16:18:42
252,50,/01JD4DW59Y8QRNPYVEVRKSZNFE.webp,image,1,2024-11-20 16:18:54,2024-11-20 16:18:54
253,50,/01JD4DWHWRY9DGAPGHHKCYFV7S.webp,image,1,2024-11-20 16:19:07,2024-11-20 16:19:07
254,50,/01JD4DX26BGSQKH75BQYPR85QZ.webp,image,1,2024-11-20 16:19:24,2024-11-20 16:19:24
255,46,/01JDEHAR03F74YX485PPK2MQJA.webp,image,1,2024-11-24 14:31:43,2024-11-24 14:31:43
256,46,/01JDEHBQC489QB5616TEDYNKJY.webp,image,1,2024-11-24 14:32:15,2024-11-24 14:32:15
257,51,/01JFCGMD0SCY48K6X0JCYMW2WZ.webp,thumbnail,1,2024-12-18 16:12:25,2024-12-18 16:12:25
258,51,/01JFCGMZSC11FFHEHVGXER2WQM.webp,image,1,2024-12-18 16:12:44,2024-12-18 16:12:44
259,10,/01JFCKTXVXEHNST5H7F9ERY124.webp,image,1,2024-12-18 17:08:24,2024-12-18 17:08:24
260,19,/01JFD3QXXY1W2A6NYG0CPA7CNB.webp,thumbnail,1,2024-12-18 21:46:23,2024-12-18 21:46:23
261,23,/01JFD4GRPY1YYC9T4G0QH8G6MR.webp,image,1,2024-12-18 21:59:57,2024-12-18 21:59:57
262,52,/01JFD5Q4S1XC89RJMG08FZ2SDT.webp,image,1,2024-12-18 22:20:55,2024-12-18 22:20:55
263,52,/01JFD5QVS5V0E9FJTMGM33ANBM.webp,image,1,2024-12-18 22:21:19,2024-12-18 22:21:19
264,52,/01JFD5RC8FXQK7VVTAZ0FBJJA8.webp,image,1,2024-12-18 22:21:35,2024-12-18 22:21:35
265,52,/01JFD6WJAT2PG29SSKFX0FXCGX.webp,image,1,2024-12-18 22:41:21,2024-12-18 22:41:21
266,52,/01JFD6X3PFECAGJRNQKZ552M51.webp,thumbnail,1,2024-12-18 22:41:39,2024-12-18 22:41:39
267,22,/01JFD7B4C8GDSEVTX371NR6Q7K.webp,image,1,2024-12-18 22:49:18,2024-12-18 22:49:18
268,22,/01JFD7BJXDTHPW8PXSSKAWJC9T.webp,image,1,2024-12-18 22:49:33,2024-12-18 22:49:33
269,22,/01JFD7C3R6QVYQGATJKGFS65EF.webp,image,1,2024-12-18 22:49:51,2024-12-18 22:49:51
270,22,/01JFD7CN3FG20HBXJ8BBAQW8P8.webp,image,1,2024-12-18 22:50:09,2024-12-18 22:50:09
271,53,/01JFD7VY84RQ79AHSD85CQTHGY.webp,thumbnail,1,2024-12-18 22:58:30,2024-12-18 22:58:30
272,53,/01JFD7Y8HXGFCZ3Z26K3DWWKN8.webp,image,1,2024-12-18 22:59:45,2024-12-18 22:59:45
273,54,/01JFD89QS85NXGYB3Q4F7CWXS0.webp,thumbnail,1,2024-12-18 23:06:02,2024-12-18 23:06:02
274,54,/01JFD8A7ESDNHA50N5YZNJPYFZ.webp,image,1,2024-12-18 23:06:18,2024-12-18 23:06:18
275,55,/01JFD8JTZE3RXGXQ56RVKRF4RJ.webp,thumbnail,1,2024-12-18 23:11:00,2024-12-18 23:11:00
276,55,/01JFD8KDBFS8GCQG5HTJAQPQEX.webp,image,1,2024-12-18 23:11:22,2024-12-18 23:11:22
277,55,/01JFD8M7Q7RRWSS30Q16JSXS0Y.webp,image,1,2024-12-18 23:11:48,2024-12-18 23:11:48
278,56,/01JFD95PYX7R94BE5YQE7301WY.webp,thumbnail,1,2024-12-18 23:21:20,2024-12-18 23:21:20
279,56,/01JFD98MT8D0CXJANMPG1ZCT09.webp,image,1,2024-12-18 23:22:56,2024-12-18 23:22:56
280,56,/01JFD9CN2BX7XEVNXKTBBYC2J5.webp,image,1,2024-12-18 23:25:08,2024-12-18 23:25:08
281,57,/01JFD9PGR5SYSPZ3SWNM6C50JT.webp,thumbnail,1,2024-12-18 23:30:29,2024-12-18 23:30:29
282,57,/01JFD9STF71912ZZ79XQ9QXZFX.webp,image,1,2024-12-18 23:32:17,2024-12-18 23:32:17
283,57,/01JFDA22E7NAX30VT7MYV43B9G.webp,image,1,2024-12-18 23:36:51,2024-12-18 23:36:51
284,57,/01JFDAF31NQ4WZASXBFQW41208.webp,image,1,2024-12-18 23:43:54,2024-12-18 23:43:54
285,57,/01JFDAFDPFX25QW05BSR113D8Y.webp,image,1,2024-12-18 23:44:05,2024-12-18 23:44:05
286,58,/01JFDBBVRKN9KSCJHAQTTE0KD2.webp,image,1,2024-12-18 23:59:40,2024-12-18 23:59:40
287,58,/01JFDBD86Q7479AC8N1HB1F5F7.webp,thumbnail,1,2024-12-19 00:00:22,2024-12-19 00:00:22
288,58,/01JFDBDQW80BRGA6C550Z9Q5PY.webp,image,1,2024-12-19 00:00:38,2024-12-19 00:00:38
289,58,/01JFDBGBV2195SZHEY3RY0DZ38.webp,image,1,2024-12-19 00:02:05,2024-12-19 00:02:05
290,58,/01JFDBGXFEBGS59TYNH6QM6ZMZ.webp,image,1,2024-12-19 00:02:22,2024-12-19 00:02:22
291,59,/01JFEZP95FKQ178WGQX2Y6VWR9.webp,thumbnail,1,2024-12-19 15:14:05,2024-12-19 15:14:05
292,59,/01JFEZPJNP9RTM95BYBGT84FG9.webp,image,1,2024-12-19 15:14:14,2024-12-19 15:14:14
293,59,/01JFEZPZT0SPE3FHFJ30MTWPN9.webp,image,1,2024-12-19 15:14:27,2024-12-19 15:14:27
294,16,/01JFF0ZKTT379X2SJTGX7V9Y69.webp,image,1,2024-12-19 15:36:43,2024-12-19 15:36:43
295,16,/01JFF37P4K845KE5D7GY9MCHMB.webp,image,1,2024-12-19 16:16:11,2024-12-19 16:16:11
297,60,/01JFQNFZV696HX0THR9F3J60TX.webp,image,1,2024-12-23 00:09:04,2024-12-23 00:09:04
298,60,/01JFQNGS81WSCFKAM02AMAENEF.webp,image,1,2024-12-23 00:09:33,2024-12-23 00:09:33
299,60,/01JFQNHQJ1KPGERTG23FSWQ0XH.webp,image,1,2024-12-23 00:10:02,2024-12-23 00:10:02
301,60,/01JFWXSWAY29DYS5XJXX1P275K.webp,image,1,2024-12-25 01:08:21,2024-12-25 01:10:31
302,60,/01JFWXPWDP544ESJ83HPCJR4X2.webp,image,1,2024-12-25 01:08:53,2024-12-25 01:08:53
303,60,/01JG64N85XKHFWM8KYJBC63H1B.webp,image,1,2024-12-28 15:03:26,2024-12-28 15:03:26
304,60,/01JG64PD81S7DYAZFE7D211239.webp,image,1,2024-12-28 15:04:07,2024-12-28 15:04:07
305,60,/01JG64Q9929HTJ5SM4H2QWXZ1X.webp,image,1,2024-12-28 15:04:35,2024-12-28 15:04:35
306,60,/01JG64QZ46MHW89TBRTYGZZFV4.webp,image,1,2024-12-28 15:04:58,2024-12-28 15:04:58
307,60,/01JG64RN5HWWQWR1ZSA50XQXCM.webp,image,1,2024-12-28 15:05:21,2024-12-28 15:05:21
308,61,/01JGE2TBJRJFRFTVT7SSWJMXDM.webp,thumbnail,1,2024-12-31 17:05:17,2024-12-31 17:05:17
309,61,/01JGE2VJ6DKNVKZTVJH7H7N2G1.webp,image,1,2024-12-31 17:05:53,2024-12-31 17:05:53
310,61,/01JGE35TWFZ1651H7YD3G36WHA.webp,image,1,2024-12-31 17:11:34,2024-12-31 17:11:34
311,61,/01JGE37064SQ5Z7YXB04QC5QJW.webp,image,1,2024-12-31 17:12:06,2024-12-31 17:12:06
312,61,/01JGE39QTNFCTSVYNTN8JBM6ER.webp,image,1,2024-12-31 17:13:38,2024-12-31 17:13:38
313,61,/01JGE3B06H2NE2W6D5VATC0B7H.webp,image,1,2024-12-31 17:14:19,2024-12-31 17:14:19
314,62,/01JGE54W25HN5ATCG2ECERAYZG.webp,thumbnail,1,2024-12-31 17:45:56,2024-12-31 17:45:56
315,62,/01JGE55JJNGWX3YVF561E940FR.webp,image,1,2024-12-31 17:46:19,2024-12-31 17:46:19
316,62,/01JGE56R96D8G9PAKQTW7DBHYP.webp,image,1,2024-12-31 17:46:57,2024-12-31 17:46:57
317,62,/01JGE57JBZVAE2D80CS3DWBP4H.webp,image,1,2024-12-31 17:47:25,2024-12-31 17:47:25
318,62,/01JGE58BWVKWNB0BWRSJVFB7AY.webp,image,1,2024-12-31 17:47:51,2024-12-31 17:47:51
319,62,/01JGE591625GQTG97X77KVC097.webp,image,1,2024-12-31 17:48:12,2024-12-31 17:48:12
320,62,/01JGRE1XQHBYV8PSHA2VXDKXFB.webp,image,1,2025-01-04 17:34:03,2025-01-04 17:34:03
321,62,/01JGRE3R1DYPSV75TJYS93FXNK.webp,thumbnail,1,2025-01-04 17:35:00,2025-01-04 17:35:10
322,63,/01JK9AT70C1CWJGRS9GQQ8QXFT.webp,thumbnail,1,2025-02-05 03:35:48,2025-02-05 03:35:48
331,64,/01JN9PKWSJ02H69RHPFPC0BB3Q.webp,thumbnail,1,2025-03-02 03:33:27,2025-03-02 03:33:27
332,64,/01JN9PM823MC6K4EEFV1RNCNP6.webp,image,1,2025-03-02 03:33:39,2025-03-02 03:33:39
333,64,/01JN9PN418MK3R23HCEE3KFSSV.webp,image,1,2025-03-02 03:34:08,2025-03-02 03:34:08
337,64,/01JN9PSC75R75S7AX8037EY28F.webp,image,1,2025-03-02 03:38:38,2025-03-02 03:38:38
338,64,/01JN9R6CFWYTWTWKNV631BQJN7.webp,image,1,2025-03-02 04:01:02,2025-03-02 04:01:02
339,64,/01JN9R6XBDG177MJY8CE3Y4KJA.webp,image,1,2025-03-02 04:01:19,2025-03-02 04:01:19
340,64,/01JN9R3NNG5CM5Q4PBFWMFNP0T.webp,image,1,2025-03-02 04:01:42,2025-03-02 04:01:42
341,64,/01JN9R7R1FNH7WQ6F5ARA850BN.webp,image,1,2025-03-02 04:01:46,2025-03-02 04:01:46
342,64,/01JN9RC7MB1X09DHBXGJZWZ6X2.webp,image,1,2025-03-02 04:04:14,2025-03-02 04:04:14
343,64,/01JN9RCQ5HCW0RJDP55YW538V8.webp,image,1,2025-03-02 04:04:29,2025-03-02 04:04:29
344,65,/01JN9S58Q84RRCFWZVQZ10WE08.webp,thumbnail,1,2025-03-02 04:17:54,2025-03-02 04:17:54
345,65,/01JN9S5QT8PR89VTWFG8HVKBYR.webp,image,1,2025-03-02 04:18:09,2025-03-02 04:18:09
346,65,/01JN9S647WHAYZFA0KRA33J4E7.webp,image,1,2025-03-02 04:18:22,2025-03-02 04:18:22
347,65,/01JN9S7CCPPWE64Q3Y2R9D71T0.webp,image,1,2025-03-02 04:19:03,2025-03-02 04:19:03
348,65,/01JN9S7RQ4M7XHYHSV0FY9T6F7.webp,image,1,2025-03-02 04:21:26,2025-03-02 04:21:26
349,65,/01JN9SD25AXVD91GDT9BY951V3.webp,image,1,2025-03-02 04:22:09,2025-03-02 04:22:09
350,65,/01JN9SDMAH8CDMSHR260KX4WNT.webp,image,1,2025-03-02 04:22:28,2025-03-02 04:22:28
351,65,/01JN9SE7C8STZZW1X0Z8VJX6T1.webp,image,1,2025-03-02 04:22:48,2025-03-02 04:22:48
352,66,/01JN9TCF4FMVKVS22AVD6TC9K9.webp,thumbnail,1,2025-03-02 04:39:19,2025-03-02 04:39:19
353,66,/01JN9TDJB5QK0F5XGP7R81HJ6X.webp,image,1,2025-03-02 04:39:54,2025-03-02 04:39:54
354,66,/01JN9TE1ZRSHQWD9BT1SAGNXRD.webp,image,1,2025-03-02 04:40:10,2025-03-02 04:40:10
355,66,/01JN9TEJAXZA80FPQAM48J7WWQ.webp,image,1,2025-03-02 04:40:27,2025-03-02 04:40:27
356,66,/01JN9TF4E73BTTZDKR50479KVZ.webp,image,1,2025-03-02 04:42:56,2025-03-02 04:42:56
357,66,/01JN9TKS54H22624P4PZCE8FCV.webp,image,1,2025-03-02 04:43:18,2025-03-02 04:43:18
358,67,/01JN9W64QKM5PBMN6XGHB0EEK9.webp,thumbnail,1,2025-03-02 05:10:48,2025-03-02 05:10:48
359,67,/01JN9W70GRY006BMR31S1S6A8B.webp,image,1,2025-03-02 05:11:18,2025-03-02 05:11:18
361,67,/01JN9W7HXHD6J106ZQ99AHDH9Q.webp,image,1,2025-03-02 05:11:34,2025-03-02 05:11:34
362,67,/01JNAKH0E7J6XSQZC92WG48RXF.webp,image,1,2025-03-02 11:58:42,2025-03-02 11:58:42
363,67,/01JNAKHVQ7Q004S736KEWQ9HCM.webp,image,1,2025-03-02 11:59:09,2025-03-02 11:59:09
364,67,/01JNAKKEFGY0H01QQ2DFJYX835.webp,image,1,2025-03-02 12:00:01,2025-03-02 12:00:01
365,67,/01JNAKKWDDSMJZWTXM758K88K8.webp,image,1,2025-03-02 12:00:16,2025-03-02 12:00:16
366,67,/01JNAKMAY48975Q4RG7XKGR10F.webp,image,1,2025-03-02 12:00:31,2025-03-02 12:00:31
367,67,/01JNAKMY94QXRK31JM3KVWN8W2.webp,image,1,2025-03-02 12:00:50,2025-03-02 12:00:50
368,67,/01JNAKNK1VZHGVZN77JMGS6WP0.webp,image,1,2025-03-02 12:01:12,2025-03-02 12:01:12
369,67,/01JNAKP9BDNZBQKKGN7WQG9FSJ.webp,image,1,2025-03-02 12:01:35,2025-03-02 12:01:35
370,68,/01JNAM82X2EDS5W5HCRCYH9J7K.webp,thumbnail,1,2025-03-02 12:11:18,2025-03-02 12:11:18
371,68,/01JNAM8JKW8439J4H4FGP7YWJX.webp,image,1,2025-03-02 12:11:34,2025-03-02 12:11:34
372,68,/01JNAM90P22V1A8NYJA4791G9J.webp,image,1,2025-03-02 12:11:48,2025-03-02 12:11:48
373,68,/01JNAM9EW1GC04PBWJ1RASK3W2.webp,image,1,2025-03-02 12:12:03,2025-03-02 12:12:03
374,69,/01JNAMS0CFCC6RTAZQBJZ80SP2.webp,thumbnail,1,2025-03-02 12:20:32,2025-03-02 12:20:32
375,69,/01JNAMSMF2CG4V91GTQR5F3A8E.webp,image,1,2025-03-02 12:20:53,2025-03-02 12:20:53
376,69,/01JNAMT1D0M2A87W0MPFTY8QRE.webp,image,1,2025-03-02 12:21:06,2025-03-02 12:21:06
377,69,/01JNAMTEVBTV52HCF0KZGBHVET.webp,image,1,2025-03-02 12:21:20,2025-03-02 12:21:20
378,69,/01JNAMTX4ZQ032KYMB4S0KT354.webp,image,1,2025-03-02 12:21:34,2025-03-02 12:21:34
379,69,/01JNAMV9C199VAV8Z4TGD7BRFF.webp,image,1,2025-03-02 12:21:47,2025-03-02 12:21:47
380,70,/01JNAN5W89H3Z9N3JKGW5DJJYK.webp,thumbnail,1,2025-03-02 12:27:34,2025-03-02 12:27:34
381,70,/01JNAN6E7NZ9V5X2VBZTJFVWB5.webp,image,1,2025-03-02 12:27:52,2025-03-02 12:27:52
382,70,/01JNAN6SQCAXE4END58VNRDZZ2.webp,image,1,2025-03-02 12:28:04,2025-03-02 12:28:04
383,70,/01JNAN759DXXYSTD3SPBC5KZPB.webp,image,1,2025-03-02 12:28:16,2025-03-02 12:28:16
384,70,/01JNAN7FSDD0T7TJRE3AYVBXWN.webp,image,1,2025-03-02 12:28:27,2025-03-02 12:28:27
385,71,/01JNANNC2Z1Y3NEGJPXC2K2QJN.webp,thumbnail,1,2025-03-02 12:36:02,2025-03-02 12:36:02
386,71,/01JNANNWQHVBZ2HTBQCBWF50QS.webp,image,1,2025-03-02 12:36:19,2025-03-02 12:36:19
387,71,/01JNANP9JTVF93GCAJ7RGKA70G.webp,image,1,2025-03-02 12:36:32,2025-03-02 12:36:32
388,71,/01JNANPPE6C105FGK2QCBMDWD5.webp,image,1,2025-03-02 12:36:45,2025-03-02 12:36:45
389,72,/01JNAP1CRPTK6682FHVEC9AH8B.webp,thumbnail,1,2025-03-02 12:42:36,2025-03-02 12:42:36
390,72,/01JNAP1RV3WBG848YHDTY1PARZ.webp,image,1,2025-03-02 12:42:48,2025-03-02 12:42:48
391,72,/01JNAP29KJBC1Y7D9RQ76C9KHT.webp,image,1,2025-03-02 12:43:05,2025-03-02 12:43:05
392,72,/01JNAP2PXQNPB9N83F0MKX7R0Y.webp,image,1,2025-03-02 12:43:19,2025-03-02 12:43:19
393,73,/01JNAPBB3FZ7NMZE8H62W28JV7.webp,thumbnail,1,2025-03-02 12:48:02,2025-03-02 12:48:02
394,73,/01JNAPBPMHCDAANDY0Z5VJPVJC.webp,image,1,2025-03-02 12:48:13,2025-03-02 12:48:13
395,73,/01JNAPC79DJNQKFKAEYQQ9DB3X.webp,image,1,2025-03-02 12:48:30,2025-03-02 12:48:30
396,73,/01JNAPCJH74BCN1KXB78FQ14EC.webp,image,1,2025-03-02 12:48:42,2025-03-02 12:48:42
397,74,/01JNAPR1KSMXHVAWMBWTWXB3R3.webp,thumbnail,1,2025-03-02 12:54:58,2025-03-02 12:54:58
398,74,/01JNAPRNZKZJF3MD4TYBVV536Y.webp,image,1,2025-03-02 12:55:19,2025-03-02 12:55:19
399,74,/01JNAPS35PY2EDEVSHFN01BQ21.webp,image,1,2025-03-02 12:55:32,2025-03-02 12:55:32
400,74,/01JNAPSGQNDMDBBWD8X6DHTS56.webp,image,1,2025-03-02 12:55:46,2025-03-02 12:55:46
401,74,/01JNAPSZGDZR5K65VQHS7X16NW.webp,image,1,2025-03-02 12:56:01,2025-03-02 12:56:01
402,75,/01JNAQ9TZXFRC1AMNJFV5MRS2P.webp,thumbnail,1,2025-03-02 13:04:41,2025-03-02 13:04:41
403,75,/01JNAQA9RNQKPAZ6PHFSXDHXKD.webp,image,1,2025-03-02 13:04:56,2025-03-02 13:04:56
404,75,/01JNAQAMX2CJQAHR7GPRMZ42BN.webp,image,1,2025-03-02 13:05:07,2025-03-02 13:05:07
405,75,/01JNAQAZD1K5DQ8TD9TVJ69XP4.webp,image,1,2025-03-02 13:05:18,2025-03-02 13:05:18
410,76,/01JNARAT190ZYB5RQA85XJQ17N.webp,thumbnail,1,2025-03-02 13:22:41,2025-03-02 13:22:41
411,76,/01JNARC7N2MQDQJH6DY8MT35AA.webp,image,1,2025-03-02 13:23:28,2025-03-02 13:23:28
412,76,/01JNARDMFC5DR9QB7MD3W1MKHX.webp,image,1,2025-03-02 13:24:14,2025-03-02 13:24:14
413,76,/01JNARDYTE7G8PM6GYD034VZMD.webp,image,1,2025-03-02 13:24:24,2025-03-02 13:24:24
414,2,/01JNAS0AKG66S3M9NXKM7NCH2K.webp,image,1,2025-03-02 13:34:26,2025-03-02 13:34:26
415,2,/01JNAS117FYK7HW6MCFEK3HBPA.webp,image,1,2025-03-02 13:34:50,2025-03-02 13:34:50
416,2,/01JNAS1G2W5AD57FTX6DEKB4NB.webp,image,1,2025-03-02 13:35:05,2025-03-02 13:35:05
417,29,/01JNASBVY82SQZXTM07DSRE88M.webp,thumbnail,1,2025-03-02 13:40:45,2025-03-02 13:40:45
418,29,/01JNASD02S5G3R387B2SV0K8XE.webp,image,1,2025-03-02 13:41:22,2025-03-02 13:41:22
419,29,/01JNASDF6G4QWG894R2NKDEXF3.webp,image,1,2025-03-02 13:41:37,2025-03-02 13:41:37
420,29,/01JNASDVS4S8XH8XK5W3HEN0V7.webp,image,1,2025-03-02 13:41:50,2025-03-02 13:41:50
421,7,/01JNASTVAAW6JRZQJV3RAVRE07.webp,image,1,2025-03-02 13:48:55,2025-03-02 14:02:44
422,7,/01JNASV5FYYYMRMPBEBF6ZFPWR.webp,image,1,2025-03-02 13:49:06,2025-03-02 13:49:06
423,7,/01JNASVGDF4ABGFFPRQCQ8ES22.webp,image,1,2025-03-02 13:49:17,2025-03-02 13:49:17
424,7,/01JNASVTYME7NTGVZ0XBDK08CK.webp,image,1,2025-03-02 13:49:28,2025-03-02 13:49:28
425,7,/01JNASW613DYA4RDWPAMTMTDMP.webp,image,1,2025-03-02 13:49:39,2025-03-02 13:49:39
426,16,/01JNATHB19QZA7M9H8CGJ8FGA4.webp,image,1,2025-03-02 14:01:12,2025-03-02 14:01:12
427,16,/01JNATHQ6DV238GNHFH81M9W61.webp,image,1,2025-03-02 14:01:25,2025-03-02 14:01:25
428,16,/01JNATJ4K66QPCJ50MNZBBQCDB.webp,image,1,2025-03-02 14:01:39,2025-03-02 14:01:39
429,16,/01JNATJEM0XQKW9YSQZQ6C64ZY.webp,image,1,2025-03-02 14:01:49,2025-03-02 14:01:49
431,7,/01JNATNF4405DG4H5BCCMRWSN6.webp,thumbnail,1,2025-03-02 14:03:28,2025-03-02 14:03:28
432,7,/01JNATNZ32K4N4BNA0D975CJ1D.webp,image,1,2025-03-02 14:03:44,2025-03-02 14:03:44
433,77,/01JNAV8KDH488VXP655P0MX2VM.webp,thumbnail,1,2025-03-02 14:13:56,2025-03-02 14:13:56
434,77,/01JNAV8YNSW2APTQYK1WPKVV7B.webp,image,1,2025-03-02 14:14:06,2025-03-02 14:14:06
435,77,/01JNAV9PG693W7HBM8P74Y73WV.webp,image,1,2025-03-02 14:14:31,2025-03-02 14:14:31
436,77,/01JNAVANJ5RM3CT8QEN1KMR0EG.webp,image,1,2025-03-02 14:15:04,2025-03-02 14:15:04
437,77,/01JNAVBQ6ZTV65FE0R0F6WYGEW.webp,image,1,2025-03-02 14:15:37,2025-03-02 14:15:37
438,78,/01JNAVRHS2YNWADZQSCXH7FS4C.webp,thumbnail,1,2025-03-02 14:22:37,2025-03-02 14:22:37
439,78,/01JNAVS0X5XPHB6KW03CEJA702.webp,image,1,2025-03-02 14:22:53,2025-03-02 14:22:53
440,78,/01JNAVSBCCHDNV6QA21BBGGA7N.webp,image,1,2025-03-02 14:23:03,2025-03-02 14:23:03
441,78,/01JNAVSP480V3TB34780J8KA3W.webp,image,1,2025-03-02 14:23:14,2025-03-02 14:23:14
442,78,/01JNAVW65G094WWQ35GP7BF4XN.webp,image,1,2025-03-02 14:24:37,2025-03-02 14:24:37
443,79,/01JNAW5RHCGQ7QVVJPF8J29DKS.webp,thumbnail,1,2025-03-02 14:29:50,2025-03-02 14:29:50
444,79,/01JNAW65WRXFMZ566VHMFMCN01.webp,image,1,2025-03-02 14:30:04,2025-03-02 14:30:04
445,79,/01JNAW6MSY8PZ81X8GK7DM24H6.webp,image,1,2025-03-02 14:30:19,2025-03-02 14:30:19
447,79,/01JNAW7VPXFDWJG30V9VVTKD9T.webp,image,1,2025-03-02 14:30:59,2025-03-02 14:30:59
448,79,/01JNAW86N6DN2F647DF0SBZBMX.webp,image,1,2025-03-02 14:31:10,2025-03-02 14:31:10
449,16,/01JNAWCEMNMYQXBPHFHA55MDTV.webp,image,1,2025-03-02 14:33:30,2025-03-02 14:33:30
450,67,/01JNAWE9DXZQVAQCWJGD66VPW9.webp,image,1,2025-03-02 14:34:30,2025-03-02 14:34:30
451,2,/01JNAYMCSTQA0DMYNYPSFRFNHN.webp,image,1,2025-03-02 15:12:47,2025-03-02 15:12:47
452,80,/01JP5054Z4GFX9E3YBSYSNF94S.webp,thumbnail,1,2025-03-12 17:59:43,2025-03-12 17:59:43
453,80,/01JP505PACR8AG17FFABGRZBMY.webp,image,1,2025-03-12 17:59:59,2025-03-12 17:59:59
454,80,/01JP506EK1229YZ7Q3973V68M5.webp,image,1,2025-03-12 18:00:25,2025-03-12 18:00:25
455,80,/01JP506X5EESZ5Z465GC33QPJ6.webp,image,1,2025-03-12 18:00:39,2025-03-12 18:00:39
456,81,/01JP50FFCB7BWH0NA6KZWGHTBB.webp,thumbnail,1,2025-03-12 18:05:21,2025-03-12 18:05:21
457,81,/01JP50GJMVZQ7P9GEE8EV2VJYF.webp,image,1,2025-03-12 18:05:57,2025-03-12 18:05:57
458,81,/01JP50H8TT82AEY372TFQE8Q11.webp,image,1,2025-03-12 18:06:19,2025-03-12 18:06:19
459,82,/01JXETWTSSP0JW9H5A6XVBXRVP.webp,thumbnail,1,2025-06-11 10:00:06,2025-06-11 10:00:06
460,82,/01JXETXMCDYJ1A0YTS15WZ6S7E.webp,image,1,2025-06-11 10:00:31,2025-06-11 10:00:31
461,82,/01JXETYEXJTJC1AKJNX4JQ5GFG.webp,image,1,2025-06-11 10:00:58,2025-06-11 10:00:58
462,82,/01JXETZXRE2W2MMC1T98MTEBZY.webp,image,1,2025-06-11 10:01:46,2025-06-11 10:01:46
463,83,/01JXEVXQ9B5HSFEYN8YKMBHDG2.webp,thumbnail,1,2025-06-11 10:18:02,2025-06-11 10:18:02
464,83,/01JXEVYP22JBJFSCQPD4EACVTQ.webp,image,1,2025-06-11 10:18:33,2025-06-11 10:18:33
465,83,/01JXEVZ5JHZ6KKBW3X9C0VHGAD.webp,image,1,2025-06-11 10:18:49,2025-06-11 10:18:49
466,83,/01JXEVZN1MGGGFGWQ7R2H9371C.webp,image,1,2025-06-11 10:19:05,2025-06-11 10:19:05
467,84,/01JXEW4VHSA6G6HFR23K7HPN8V.webp,thumbnail,1,2025-06-11 10:21:56,2025-06-11 10:21:56
468,84,/01JXEW5KFBG55H7WCRPB2KXQ5B.webp,image,1,2025-06-11 10:22:20,2025-06-11 10:22:20
469,84,/01JXEW68BENWY9S9CHQ6K2QB02.webp,image,1,2025-06-11 10:22:41,2025-06-11 10:22:41
470,84,/01JXEW6YC6ZAFJA9YZ536D2YN4.webp,image,1,2025-06-11 10:23:04,2025-06-11 10:23:04
471,85,/01JXEWK4831XFNJN0WXDEG32KX.webp,thumbnail,1,2025-06-11 10:29:44,2025-06-11 10:29:44
472,85,/01JXEWKPP8ACRY7WGNZNB41HPH.webp,image,1,2025-06-11 10:30:02,2025-06-11 10:30:02
473,85,/01JXEWMEHNFP79W2ERG6BPG5SK.webp,image,1,2025-06-11 10:30:26,2025-06-11 10:30:26
474,85,/01JXEWN4P3WVZJ4BK6NDSTMDD1.webp,image,1,2025-06-11 10:30:49,2025-06-11 10:30:49
475,86,/01JXEWWKKTJ0H66J5XFP9RVYZ7.webp,thumbnail,1,2025-06-11 10:34:55,2025-06-11 10:34:55
476,86,/01JXEWX5DCME0DR1ENYC8ZV2Y5.webp,image,1,2025-06-11 10:35:12,2025-06-11 10:35:12
477,86,/01JXEWXTXKMJ6MGEG00X661E82.webp,image,1,2025-06-11 10:35:34,2025-06-11 10:35:34
478,86,/01JXEWYDVWD2H3MXVKAFC8QMT6.webp,image,1,2025-06-11 10:35:53,2025-06-11 10:35:53
479,87,/01JXEX6HG6WP13Z00F5HTPNPMK.webp,thumbnail,1,2025-06-11 10:40:20,2025-06-11 10:40:20
480,87,/01JXEX74GK36JC4HFGX0KPXAP3.webp,image,1,2025-06-11 10:40:39,2025-06-11 10:40:39
481,87,/01JXEX7SRZ0DK65XPMKR36K2QZ.webp,image,1,2025-06-11 10:41:01,2025-06-11 10:41:01
482,87,/01JXEX8JG9RMJME1ACR28SGY41.webp,image,1,2025-06-11 10:41:27,2025-06-11 10:41:27
483,87,/01JXEX9BNPF35R3XNWQ6X5V29S.webp,image,1,2025-06-11 10:41:53,2025-06-11 10:41:53
484,89,/01JXEXZCPJA6NG5M6T27F6QVKH.webp,thumbnail,1,2025-06-11 10:53:54,2025-06-11 10:53:54
485,89,/01JXEY0398Z51XMBZ81Y5NZQV3.webp,image,1,2025-06-11 10:54:18,2025-06-11 10:54:18
486,89,/01JXEY0N2JG6V0YZ7W5ZDJ5J0H.webp,image,1,2025-06-11 10:54:35,2025-06-11 10:54:35
487,89,/01JXEY17FFCDKR6BWH484BCR3V.webp,image,1,2025-06-11 10:54:54,2025-06-11 10:54:54
488,90,/01JXEYFHQPW1NJRZHSZDZ2WBM9.webp,thumbnail,1,2025-06-11 11:02:44,2025-06-11 11:02:44
489,90,/01JXEYGAAZ24TWG3EY4N6PJDV8.webp,image,1,2025-06-11 11:03:08,2025-06-11 11:03:08
490,90,/01JXEYGWX6ZT77JWA4892WRQ8Q.webp,image,1,2025-06-11 11:03:28,2025-06-11 11:03:28
491,90,/01JXEYHHHDZ93W3HT6P08TRHDR.webp,image,1,2025-06-11 11:03:49,2025-06-11 11:03:49
492,91,/01JXEYS4XQ8PH9G5RGAA3P4CDS.webp,thumbnail,1,2025-06-11 11:07:59,2025-06-11 11:07:59
493,91,/01JXEYSX8Q56WDMR8XEFC0B5T2.webp,image,1,2025-06-11 11:08:24,2025-06-11 11:08:24
494,91,/01JXEYTPXQAH3KMRKS6TYPH6J7.webp,image,1,2025-06-11 11:08:51,2025-06-11 11:08:51
495,91,/01JXEYVHTTQCPRZ8EXK7M1231F.webp,image,1,2025-06-11 11:09:17,2025-06-11 11:09:17
496,91,/01JXEYW62ETYJH0F3GMFXP0PDC.webp,image,1,2025-06-11 11:09:38,2025-06-11 11:09:38
497,92,/01JXEZQNR9JQEGFK9FXT9JVR20.webp,thumbnail,1,2025-06-11 11:24:39,2025-06-11 11:24:39
498,92,/01JXEZRB3YYXVDKSQB1B8DJRXH.webp,image,1,2025-06-11 11:25:00,2025-06-11 11:25:00
499,92,/01JXEZS6PCC0FZC76BRWPVRP3H.webp,image,1,2025-06-11 11:25:28,2025-06-11 11:25:28
500,92,/01JXEZT1GBQTXA544Q4WW8C19J.webp,image,1,2025-06-11 11:25:55,2025-06-11 11:25:55
501,93,/01JXF18DP1H0HV2SR15F3K29JJ.webp,thumbnail,1,2025-06-11 11:51:16,2025-06-11 11:51:16
502,93,/01JXF19NHDZTPWXKPVH35E91R4.webp,image,1,2025-06-11 11:51:56,2025-06-11 11:51:56
503,93,/01JXF1ARQPT493W7188HBSKMH1.webp,image,1,2025-06-11 11:52:32,2025-06-11 11:52:32
504,94,/01JXF1HE102ESG6PY9R9DBWR0E.webp,thumbnail,1,2025-06-11 11:56:11,2025-06-11 11:56:11
505,94,/01JXF1K4EPGB0X6730TGNX7PPA.webp,image,1,2025-06-11 11:57:07,2025-06-11 11:57:07
506,94,/01JXF1N83X949VG3WES0R32084.webp,image,1,2025-06-11 11:58:16,2025-06-11 11:58:16
507,94,/01JXF1R6XT6ZPRHC4JSWSJ6XWM.webp,image,1,2025-06-11 11:59:53,2025-06-11 11:59:53
508,88,/01JXQV3KT4433DMRQBWA0B74ST.webp,thumbnail,1,2025-06-14 21:56:57,2025-06-14 21:56:57
509,88,/01JXQV4P0MJRWV4NVPC28M56A5.webp,image,1,2025-06-14 21:57:32,2025-06-14 21:57:32
510,88,/01JXQV5V32EZW190HE8Z9F8P3A.webp,image,1,2025-06-14 21:58:10,2025-06-14 21:58:10
511,88,/01JXQV6CZ5JK8FNW1Z824SN975.webp,image,1,2025-06-14 21:58:28,2025-06-14 21:58:28
512,95,/01JXQVMTH23PGTZB3C6PR5HJJA.webp,thumbnail,1,2025-06-14 22:06:18,2025-06-14 22:06:18
513,95,/01JXQVNPVZRQAMKCNR95D8HT0V.webp,image,1,2025-06-14 22:06:47,2025-06-14 22:06:47
514,96,/01JXQVYHFCM3C3VATC4BVHPW1K.webp,thumbnail,1,2025-06-14 22:11:40,2025-06-14 22:11:40
515,96,/01JXQVZA0CMP07B4YS969BFR1H.webp,image,1,2025-06-14 22:12:04,2025-06-14 22:12:04
516,96,/01JXQW0FV6727M81TPF7SNBFXD.webp,thumbnail,1,2025-06-14 22:12:44,2025-06-14 22:12:44
517,96,/01JXQW1G7XDCHK2W4233GN79EQ.webp,image,1,2025-06-14 22:13:17,2025-06-14 22:13:17
518,96,/01JXQW2R6PJ57ME0KYMRD6HDZP.webp,image,1,2025-06-14 22:13:58,2025-06-14 22:13:58
519,97,/01JXQW6ZHECR7FFE2XN5YH0S70.webp,thumbnail,1,2025-06-14 22:16:16,2025-06-14 22:16:16
520,97,/01JXQW89HS6SAY4X2H3SAYRYMS.webp,image,1,2025-06-14 22:16:59,2025-06-14 22:16:59
521,97,/01JXQW9FJG0D5Y6J1RX5BS5EC2.webp,image,1,2025-06-14 22:17:38,2025-06-14 22:17:38
522,97,/01JXQWA5TFSE91PME4PVNRDJFQ.webp,image,1,2025-06-14 22:18:00,2025-06-14 22:18:00
523,98,/01JXQWGKDDWPPJ9820DRMJXAFH.webp,thumbnail,1,2025-06-14 22:21:32,2025-06-14 22:21:32
524,98,/01JXQWKNJHQ6N34MSN7HMY59GF.webp,image,1,2025-06-14 22:23:12,2025-06-14 22:23:12
525,98,/01JXQX09M9F6DARP85CDRDKW5B.webp,image,1,2025-06-14 22:30:05,2025-06-14 22:30:05
526,99,/01JXQXM2YQSYN19S8ARDV2A652.webp,thumbnail,1,2025-06-14 22:40:54,2025-06-14 22:40:54
527,99,/01JXQXN44721989FM6JGDGP5R2.webp,image,1,2025-06-14 22:41:28,2025-06-14 22:41:28
528,99,/01JXQXNW0C71S6DWFSREHEYYM4.webp,image,1,2025-06-14 22:41:52,2025-06-14 22:41:52
529,100,/01JXQXXQWEYAGWMZS6KQP82XPC.webp,thumbnail,1,2025-06-14 22:46:10,2025-06-14 22:46:10
530,100,/01JXQXYA2N78P43YHKK66M269K.webp,image,1,2025-06-14 22:46:29,2025-06-14 22:46:29
531,100,/01JXQXYZP3NR6YBJDZSD97DR38.webp,image,1,2025-06-14 22:46:51,2025-06-14 22:46:51
532,101,/01JXQY2KCJ7M6A2ES3D9YAC5K9.webp,thumbnail,1,2025-06-14 22:48:50,2025-06-14 22:48:50
533,101,/01JXQY3KV651FESGPDPPATEBRK.webp,image,1,2025-06-14 22:49:23,2025-06-14 22:49:23
534,101,/01JXQY4N0KYDJMCKM79ZJCN2Z3.webp,image,1,2025-06-14 22:49:57,2025-06-14 22:49:57
535,101,/01JXQY5VNQT3QD2H5CQYM32RKH.webp,image,1,2025-06-14 22:50:37,2025-06-14 22:50:37
536,101,/01JXQY6HQ7DQ413NSXRW7KEXQV.webp,image,1,2025-06-14 22:50:59,2025-06-14 22:50:59
537,102,/01JXQYAJWMZ976C1E7AB8ZTYEF.webp,thumbnail,1,2025-06-14 22:53:11,2025-06-14 22:53:11
538,102,/01JXQYBP05X9987J3F6FE7PW82.webp,image,1,2025-06-14 22:53:47,2025-06-14 22:53:47
539,102,/01JXQYCFR62Y6P664NGB95XFFK.webp,image,1,2025-06-14 22:54:14,2025-06-14 22:54:14
540,102,/01JXQYDQXFJMCYEPX35BYAPX96.webp,image,1,2025-06-14 22:54:54,2025-06-14 22:54:54
541,103,/01JXQYNZASZHWTV45R8588B9JR.webp,thumbnail,1,2025-06-14 22:59:25,2025-06-14 22:59:25
542,103,/01JXQYPTFVVARB66Z5CYTH6FBM.webp,image,1,2025-06-14 22:59:52,2025-06-14 22:59:52
543,103,/01JXQYR4Q6R9YDCH0STSH4S6WH.webp,image,1,2025-06-14 23:00:35,2025-06-14 23:00:35
544,103,/01JXQYRPX7XM8A0PH4F3F385DV.webp,image,1,2025-06-14 23:00:55,2025-06-14 23:00:55
545,103,/01JXQYSKPH6Y7FK07KHN44P9E4.webp,image,1,2025-06-14 23:01:24,2025-06-14 23:01:24
546,104,/01JXQZ5FN47YEE0NCY9FDP0DP7.webp,thumbnail,1,2025-06-14 23:07:53,2025-06-14 23:07:53
547,104,/01JXQZ70ZD1GQKNXN00YMEK8TQ.webp,image,1,2025-06-14 23:08:43,2025-06-14 23:08:43
548,104,/01JXQZ88YTZF3E07V8KME4XPSJ.webp,image,1,2025-06-14 23:09:25,2025-06-14 23:09:25
549,104,/01JXQZA86NS39JPD3XBGS6J10D.webp,image,1,2025-06-14 23:10:29,2025-06-14 23:10:29
550,105,/01JXQZJZWM6847DBNC6XYG9BTW.webp,thumbnail,1,2025-06-14 23:15:16,2025-06-14 23:15:16
551,105,/01JXQZKYXM72744KQTPE89BB3E.webp,image,1,2025-06-14 23:15:47,2025-06-14 23:15:47
552,105,/01JXQZMWV7S7CVGY3JPMFZQDZG.webp,image,1,2025-06-14 23:16:18,2025-06-14 23:16:18
553,105,/01JXQZNKDN0EVAJDN074T2F216.webp,image,1,2025-06-14 23:16:41,2025-06-14 23:16:41
554,106,/01JXR0Z2JRTA3PH8C0JEMTFW0N.webp,thumbnail,1,2025-06-14 23:39:20,2025-06-14 23:39:20
555,106,/01JXR0ZNP7ETF28WW2B6S62TTB.webp,image,1,2025-06-14 23:39:36,2025-06-14 23:39:36
556,106,/01JXR10BJXHYY7X7WDRSW47REJ.webp,image,1,2025-06-14 23:40:02,2025-06-14 23:40:02
557,106,/01JXR11131KWR9M8DVV7T6NF18.webp,image,1,2025-06-14 23:40:21,2025-06-14 23:40:21
558,107,/01JXR191ADWCV0YSRCTNSWP3MG.webp,thumbnail,1,2025-06-14 23:44:46,2025-06-14 23:44:46
559,107,/01JXR1AN1Z064E2KVVD9YEP5FH.webp,image,1,2025-06-14 23:45:39,2025-06-14 23:45:39
560,107,/01JXR1B8B14S4Y8F2CZ3B3KGJQ.webp,image,1,2025-06-14 23:45:59,2025-06-14 23:45:59
561,107,/01JXR1C1ERF0HMKBY50EGDC2CY.webp,image,1,2025-06-14 23:46:24,2025-06-14 23:46:24
562,108,/01JXR233PN2D38XTRJTFYW6DZD.webp,thumbnail,1,2025-06-14 23:59:01,2025-06-14 23:59:01
563,108,/01JXR3332E4VWQ4JCY14QB4RPV.webp,image,1,2025-06-15 00:16:29,2025-06-15 00:16:29
564,108,/01JXR347D92PPENW2BEXAW2VFZ.webp,image,1,2025-06-15 00:17:06,2025-06-15 00:17:06
565,109,/01JXS2W6E7P2JFJ41R67ENGP21.webp,thumbnail,1,2025-06-15 09:32:06,2025-06-15 09:32:06
566,109,/01JXS2XCAG88ZW0AVK0K2NY2MZ.webp,image,1,2025-06-15 09:32:36,2025-06-15 09:32:36
567,109,/01JXS2YMTXXNJZMMV6PZZAWW2K.webp,image,1,2025-06-15 09:33:18,2025-06-15 09:33:18
568,110,/01JXS3CXEJZTFR9TT9W97ZH6QZ.webp,thumbnail,1,2025-06-15 09:41:05,2025-06-15 09:41:05
569,110,/01JXS3ERH5M4G51WR6E525WT83.webp,image,1,2025-06-15 09:42:02,2025-06-15 09:42:02
570,110,/01JXS3FZ5CN7MW2X74EXKA6T8Q.webp,image,1,2025-06-15 09:42:42,2025-06-15 09:42:42
571,110,/01JXS3JFR3PPBGHJG7Z7YC3DVD.webp,image,1,2025-06-15 09:44:08,2025-06-15 09:44:08
572,111,/01JXS5K507GC7HZCXKZC7FRHR2.webp,thumbnail,1,2025-06-15 10:19:26,2025-06-15 10:19:26
573,111,/01JXS5M87RFT6XP8YQB0GGJJYY.webp,image,1,2025-06-15 10:20:01,2025-06-15 10:20:01
574,111,/01JXS5NT1R2S56XRNRHDEA7XGY.webp,image,1,2025-06-15 10:20:54,2025-06-15 10:20:54
575,111,/01JXS5PMKRDJX8ZY9MSFDKSG0R.webp,image,1,2025-06-15 10:21:20,2025-06-15 10:21:20
576,111,/01JXS6VH8S8MH1Y5S3T893SKKM.webp,image,1,2025-06-15 10:22:39,2025-06-15 10:41:26
577,112,/01JXS60VGCKBJXB6XAQVEMF0NA.webp,thumbnail,1,2025-06-15 10:26:55,2025-06-15 10:26:55
578,112,/01JXS61K8D4M3K2P8MB2GW9BFQ.webp,image,1,2025-06-15 10:27:19,2025-06-15 10:27:19
579,112,/01JXS62AFGK5WC8CTP4GTK5317.webp,image,1,2025-06-15 10:27:43,2025-06-15 10:27:43
580,112,/01JXS631H331ZKACCVQE2Z7RX5.webp,image,1,2025-06-15 10:28:07,2025-06-15 10:28:07
581,112,/01JXS6T3WHND27CDD9YPPZ01NP.webp,image,1,2025-06-15 10:28:27,2025-06-15 10:40:40
582,113,/01JXS6CSZKY7B04ZA0ENG6NQB5.webp,thumbnail,1,2025-06-15 10:33:27,2025-06-15 10:33:27
583,113,/01JXS6DPJADB4H2NTQG26ZD3NC.webp,image,1,2025-06-15 10:33:55,2025-06-15 10:33:55
584,113,/01JXS6EAAM76XYF4NDHN05AFED.webp,image,1,2025-06-15 10:34:15,2025-06-15 10:34:15
585,113,/01JXS6F47WX1R2CC8N7D4WMBPA.webp,image,1,2025-06-15 10:34:42,2025-06-15 10:34:42
586,113,/01JXS6RFYFANTBW63H91XBVDCZ.webp,image,1,2025-06-15 10:39:46,2025-06-15 10:39:46
587,114,/01JXS7QRXGNTFA4QTJPH6BEYQY.webp,thumbnail,1,2025-06-15 10:56:54,2025-06-15 10:56:54
588,114,/01JXS7RG582BWV3GFWZ2MGSZPH.webp,image,1,2025-06-15 10:57:19,2025-06-15 10:57:19
589,114,/01JXS7S7VWN55A6P89W7XQVD41.webp,image,1,2025-06-15 10:57:43,2025-06-15 10:57:43
590,114,/01JXS7SYW2G1JBP31PNQG9T432.webp,image,1,2025-06-15 10:58:06,2025-06-15 10:58:06
591,114,/01JXS7TV5NRKYASSPW0SF39NEE.webp,image,1,2025-06-15 10:58:36,2025-06-15 10:58:36
592,114,/01JXS7VPEBGKSSX9PN3Z80W61P.webp,image,1,2025-06-15 10:59:00,2025-06-15 10:59:00
593,115,/01JXS8F0SCK0QN0XQM6512K6PF.webp,thumbnail,1,2025-06-15 11:09:36,2025-06-15 11:09:36
594,115,/01JXS8GB7HE02C427XKG0BXCFM.webp,image,1,2025-06-15 11:10:19,2025-06-15 11:10:19
595,115,/01JXS8HZ1XAHXGWDSNAYEME11E.webp,image,1,2025-06-15 11:11:13,2025-06-15 11:11:13
596,115,/01JXS8PV3XA8NTETQKR0G73PX9.webp,image,1,2025-06-15 11:13:49,2025-06-15 11:13:49
597,117,/01JXS9AHC1FF0S5FK8HJDT4F29.webp,thumbnail,1,2025-06-15 11:24:39,2025-06-15 11:24:39
598,117,/01JXS9B8PP8FQPN0BAJF1P6K3F.webp,image,1,2025-06-15 11:25:02,2025-06-15 11:25:02
599,117,/01JXS9BXTZN1D6W8RZDF1VCBGP.webp,image,1,2025-06-15 11:25:23,2025-06-15 11:25:23
600,117,/01JXS9DPW6DMTHJSV0GNXQQKMT.webp,image,1,2025-06-15 11:26:23,2025-06-15 11:26:23
601,116,/01JXS9H07VS8KBVBDBPF1XBZ19.webp,thumbnail,1,2025-06-15 11:28:09,2025-06-15 11:28:09
602,116,/01JXS9KFA8FZA5JHQ4SWJ8VKXN.webp,image,1,2025-06-15 11:29:30,2025-06-15 11:29:30
603,116,/01JXS9MJGB1YZFXQS2YEWXE910.webp,image,1,2025-06-15 11:30:07,2025-06-15 11:30:07
604,116,/01JXS9N93J7RAGTPV0RGVZSDTW.webp,image,1,2025-06-15 11:30:29,2025-06-15 11:30:29
605,118,/01JXSBEW5G2SVVY205W81PXBPD.webp,thumbnail,1,2025-06-15 12:01:57,2025-06-15 12:01:57
606,118,/01JXSBFB3PZSF78DF4CXKHSTQR.webp,image,1,2025-06-15 12:02:13,2025-06-15 12:02:13
607,118,/01JXSBGH2Z93FDWDXKPQ3HCP1W.webp,image,1,2025-06-15 12:02:53,2025-06-15 12:02:53
608,118,/01JXSBHJ6E4Y1A3SAK0KDCYD3C.webp,image,1,2025-06-15 12:03:26,2025-06-15 12:03:26
609,119,/01JXSCNHVPHW2DD31VG0B90WW9.webp,thumbnail,1,2025-06-15 12:23:06,2025-06-15 12:23:06
610,119,/01JXSCPHNYY6HFDF4GWYM1K3C3.webp,image,1,2025-06-15 12:23:38,2025-06-15 12:23:38
611,119,/01JXSCQRR95MF09RY3YVX4QA11.webp,image,1,2025-06-15 12:24:18,2025-06-15 12:24:18
612,119,/01JXSCRYSWYK9M2FRXRK2MPAVX.webp,image,1,2025-06-15 12:24:57,2025-06-15 12:24:57
613,120,/01JXSD0AKAAFDR78FHM33RZ25V.webp,thumbnail,1,2025-06-15 12:28:58,2025-06-15 12:28:58
614,120,/01JXSD18PQEKJ73966EF9JY43Q.webp,image,1,2025-06-15 12:29:29,2025-06-15 12:29:29
615,120,/01JXSD6WF97079AZ5N2KB167GP.webp,image,1,2025-06-15 12:32:33,2025-06-15 12:32:33
616,121,/01JXSDB31Q76JBN482X29Z5HPW.webp,thumbnail,1,2025-06-15 12:34:51,2025-06-15 12:34:51
617,121,/01JXSDBQ7B71K8851FMXDPYTN0.webp,image,1,2025-06-15 12:35:08,2025-06-15 12:35:08
618,121,/01JXSDC3AYSSXGNTC0K0SY4EZS.webp,image,1,2025-06-15 12:35:23,2025-06-15 12:35:23
619,121,/01JXSGD3W48F9W575CCDABJGS0.webp,image,1,2025-06-15 13:28:20,2025-06-15 13:28:20
620,122,/01JXSGQXNHSXXVA2FDQGA3A7QY.webp,thumbnail,1,2025-06-15 13:34:17,2025-06-15 13:34:17
621,122,/01JXSGRWMNGW1G0F6AR9RRAH1P.webp,image,1,2025-06-15 13:34:49,2025-06-15 13:34:49
622,122,/01JXSGSFNRMJQWY5AJ3CWEJ3SE.webp,image,1,2025-06-15 13:35:08,2025-06-15 13:35:08
623,123,/01JXSH3RMPZEWEMYJ3RJJCAN91.webp,thumbnail,1,2025-06-15 13:40:44,2025-06-15 13:40:44
624,123,/01JXSH4A2EV57W029AN2XNJ0KY.webp,image,1,2025-06-15 13:41:02,2025-06-15 13:41:02
625,123,/01JXSH5EPFV1W8A0NGMS7P1AW0.webp,image,1,2025-06-15 13:41:39,2025-06-15 13:41:39
626,124,/01JXSMKDET7RK9FH83W1FQC0J3.webp,thumbnail,1,2025-06-15 14:41:43,2025-06-15 14:41:43
627,124,/01JXSMM8TT90CN0Y474FQ3XRC8.webp,image,1,2025-06-15 14:42:10,2025-06-15 14:42:10
628,124,/01JXSMN4PG2TCD6NAV887TX7QM.webp,image,1,2025-06-15 14:42:39,2025-06-15 14:42:39
629,124,/01JXSMPXKE22DX5TFCGNK1GD2Z.webp,image,1,2025-06-15 14:43:40,2025-06-15 14:43:40
630,125,/01JXSNEYJC5HD5M5M9P8ZXDQC9.webp,thumbnail,1,2025-06-15 14:56:44,2025-06-15 14:56:44
631,125,/01JXSNFFDEM1PWPE5E5PQYJA7J.webp,image,1,2025-06-15 14:57:01,2025-06-15 14:57:01
632,125,/01JXSNGY7PPQCVX30FXNDN7HF4.webp,image,1,2025-06-15 14:57:50,2025-06-15 14:57:50
633,125,/01JXSNK7RDDR6ZKEA8X14QXFTZ.webp,image,1,2025-06-15 14:59:05,2025-06-15 14:59:05
634,126,/01JXSNSC3229JZXEFDV8DYD106.webp,thumbnail,1,2025-06-15 15:02:26,2025-06-15 15:02:26
635,126,/01JXSNT4RXHWF61JRE62TGQB9C.webp,image,1,2025-06-15 15:02:51,2025-06-15 15:02:51
636,126,/01JXSNVHP6EQMQ8HHDP27GB2TD.webp,image,1,2025-06-15 15:03:38,2025-06-15 15:03:38
637,126,/01JXSNWACTWYH57GWT2F6M6FV5.webp,image,1,2025-06-15 15:04:03,2025-06-15 15:04:03
638,126,/01JXSNX5WWB0QP3STHGB62TG3B.webp,image,1,2025-06-15 15:04:32,2025-06-15 15:04:32
639,127,/01JXT02D4XP4Q12K3X433N58NX.webp,thumbnail,1,2025-06-15 18:02:08,2025-06-15 18:02:08
640,127,/01JXT03Z6WQB2W7X9PPVP0YNBJ.webp,image,1,2025-06-15 18:03:00,2025-06-15 18:03:00
641,127,/01JXT05HX129D4Y4DH4R1N09FJ.webp,image,1,2025-06-15 18:03:52,2025-06-15 18:03:52
642,128,/01JXT2NDJ1QPPQN8TT2P6QRH25.webp,thumbnail,1,2025-06-15 18:47:29,2025-06-15 18:47:29
643,128,/01JXT2PT9NM3D32RH2FY3CVTMG.webp,image,1,2025-06-15 18:48:14,2025-06-15 18:48:14
644,128,/01JXT2RC67C9JK27S3J5SPPJ6R.webp,image,1,2025-06-15 18:49:05,2025-06-15 18:49:05
645,128,/01JXT2T86SDJB25HGEXQCSAF13.webp,image,1,2025-06-15 18:50:09,2025-06-15 18:50:09
646,129,/01JXT30YPTW1KA9V27F3M34VSX.webp,thumbnail,1,2025-06-15 18:53:46,2025-06-15 18:53:46
648,130,/01JXWA7GC1F2K4612RHZXH1MVK.webp,thumbnail,1,2025-06-16 15:38:10,2025-06-16 15:38:10
649,130,/01JXWA8564TC2V934QW9W8JTNH.webp,image,1,2025-06-16 15:38:31,2025-06-16 15:38:31
650,130,/01JXWA93JQ6A87GFF2WBRR7FK5.webp,image,1,2025-06-16 15:39:02,2025-06-16 15:39:02
651,130,/01JXWAA08171QTVYV3KBG8E7FJ.webp,image,1,2025-06-16 15:39:31,2025-06-16 15:39:31
652,131,/01JXWAFBB8F5RJQ93N2S0VKZNT.webp,thumbnail,1,2025-06-16 15:42:26,2025-06-16 15:42:26
653,131,/01JXWAGAVASW3TF5HTDDA4M0MJ.webp,image,1,2025-06-16 15:42:59,2025-06-16 15:42:59
654,131,/01JXWAHYE1WHWP5D5SAD8M1GWS.webp,image,1,2025-06-16 15:43:52,2025-06-16 15:43:52
655,132,/01JXWATBE9RCKVQ95RMMRS6MFZ.webp,thumbnail,1,2025-06-16 15:48:28,2025-06-16 15:48:28
656,132,/01JXWAV05070E35JD9432BB2MT.webp,image,1,2025-06-16 15:48:50,2025-06-16 15:48:50
657,132,/01JXWAVGB4SWX1KYWRQYGEVNFK.webp,image,1,2025-06-16 15:49:06,2025-06-16 15:49:06
658,133,/01JXWAZ3AYQGH0Z5HYDE8A6H73.webp,thumbnail,1,2025-06-16 15:51:02,2025-06-16 15:51:02
659,133,/01JXWAZK021VQP66MG4A681A52.webp,image,1,2025-06-16 15:51:19,2025-06-16 15:51:19
660,133,/01JXWB09DDEY6N04P4C97G5EEQ.webp,image,1,2025-06-16 15:51:41,2025-06-16 15:51:41
661,133,/01JXWB0VG50XATXGP0AFQA43DW.webp,image,1,2025-06-16 15:52:00,2025-06-16 15:52:00
662,134,/01JXWBDM37X282AVPFR1PD4960.webp,thumbnail,1,2025-06-16 15:58:58,2025-06-16 15:58:58
663,134,/01JXWBF8ZSKV0QA4WWTR2HQ2S4.webp,image,1,2025-06-16 15:59:53,2025-06-16 15:59:53
664,134,/01JXWBWWE5MRNX5C0ZFADXY28N.webp,image,1,2025-06-16 16:07:20,2025-06-16 16:07:20
665,135,/01JXWC04992DPFHKE7TC2GQ1FV.webp,thumbnail,1,2025-06-16 16:09:05,2025-06-16 16:09:05
666,135,/01JXWC0SFHW2MS7S07W5TPQTMW.webp,image,1,2025-06-16 16:09:27,2025-06-16 16:09:27
667,135,/01JXWC1G5KVR2WV1G3C117606Q.webp,image,1,2025-06-16 16:09:50,2025-06-16 16:09:50
668,136,/01JYNBX3JF56V5REX6XMMVQZT8.webp,thumbnail,1,2025-06-26 09:08:39,2025-06-26 09:08:39
669,136,/01JYNBZ48XQQKHY3T14J2BVM3H.webp,thumbnail,1,2025-06-26 09:09:34,2025-06-26 09:09:34
670,136,/01JYNF7TM72YEWGRW3RKP010CY.webp,image,1,2025-06-26 10:06:44,2025-06-26 10:06:44
671,1,/01K06D3VYB2RVJJPTTJP17EJQX.webp,image,1,2025-07-15 10:19:12,2025-07-15 10:19:12
672,137,/01K6M99XCGS28YWJC4D0Y840X3.webp,thumbnail,1,2025-10-03 09:09:20,2025-10-03 09:09:20
673,137,/01K6M9BVEVFTTPZ7545S04DAHA.webp,image,1,2025-10-03 09:10:22,2025-10-03 09:10:22
674,137,/01K6M9CK22D5PYS6AZ98Q2ZR61.webp,image,1,2025-10-03 09:10:47,2025-10-03 09:10:47
675,138,/01K6M9RWF6M0RGG3DE52QE3X8C.webp,thumbnail,1,2025-10-03 09:17:32,2025-10-03 09:17:32
676,138,/01K6M9SXKCPH44ZW8YVJRMD91X.webp,image,1,2025-10-03 09:18:03,2025-10-03 09:18:03
677,138,/01K6M9TFY77PCM0DKXBWFH92N2.webp,image,1,2025-10-03 09:18:22,2025-10-03 09:18:22
678,138,/01K6M9VA6PXXC5ZM250XQX08YA.webp,image,1,2025-10-03 09:18:49,2025-10-03 09:18:49
679,139,/01K6MA4GFG9HAPW6KFGH3KGC1A.webp,thumbnail,1,2025-10-03 09:23:51,2025-10-03 09:23:51
680,139,/01K6MA5WBAEYJWDKZJG75KXJ0C.webp,image,1,2025-10-03 09:24:35,2025-10-03 09:24:35
681,139,/01K6MA6BJCDVBDTG9X8YX187EH.webp,image,1,2025-10-03 09:24:51,2025-10-03 09:24:51
682,140,/01K6MAEZ3GCKRANH020YC7HA2C.webp,thumbnail,1,2025-10-03 09:29:35,2025-10-03 09:29:35
683,140,/01K6MAFJYTSE67TS6S88FB4J10.webp,image,1,2025-10-03 09:29:53,2025-10-03 09:29:53
684,140,/01K6MAG6F4JPZ55CAQG9PKBV62.webp,image,1,2025-10-03 09:30:13,2025-10-03 09:30:13
685,140,/01K6MAH93HZD9ZBQHDM3V12XRS.webp,image,1,2025-10-03 09:30:49,2025-10-03 09:30:49
686,141,/01K6MB15B9HY16DPRH1J8ETG6R.webp,thumbnail,1,2025-10-03 09:39:31,2025-10-03 09:39:42
687,141,/01K6MB23B66SPWW9YE3KMWYZEB.webp,image,1,2025-10-03 09:40:00,2025-10-03 09:40:00
688,141,/01K6MB2RY0PXGJQ73TB5XJ88MK.webp,image,1,2025-10-03 09:40:22,2025-10-03 09:40:22
689,141,/01K6MB3EQYY58PC7N3NW52VGEE.webp,image,1,2025-10-03 09:40:44,2025-10-03 09:40:44
690,142,/01K6MBAP9NVT1AE1BHJQQPPT4Z.webp,thumbnail,1,2025-10-03 09:44:42,2025-10-03 09:44:42
691,142,/01K6MBB8WN2JYF2YPCQ0JD7D4W.webp,image,1,2025-10-03 09:45:01,2025-10-03 09:45:01
692,142,/01K6MBBWBT2PJ0SH7880W3QBCT.webp,image,1,2025-10-03 09:45:21,2025-10-03 09:45:21
693,143,/01K6MDBS2E14CECYXYB2ZJF90F.webp,thumbnail,1,2025-10-03 10:20:15,2025-10-03 10:20:15
694,143,/01K6MDCAAVW3CQK62Y65J3TFNQ.webp,image,1,2025-10-03 10:20:32,2025-10-03 10:20:32
695,143,/01K6MDCTDM7BD76WVTZA1DFTWM.webp,image,1,2025-10-03 10:20:49,2025-10-03 10:20:49
696,144,/01K6MDY1AP5NNRHF48TYHF0B06.webp,thumbnail,1,2025-10-03 10:30:17,2025-10-03 10:30:17
697,144,/01K6ME08SQ5H506YA25GV199DC.webp,image,1,2025-10-03 10:31:26,2025-10-03 10:31:26
698,144,/01K6ME0WAS0RVSBPRCJBPSZBQ5.webp,image,1,2025-10-03 10:31:46,2025-10-03 10:31:46
699,145,/01K6ME9AMMDSECFQ231PA7JNVS.webp,thumbnail,1,2025-10-03 10:36:23,2025-10-03 10:36:23
700,145,/01K6ME9X90YHSBWS9XCRJY2FD5.webp,image,1,2025-10-03 10:36:42,2025-10-03 10:36:42
701,145,/01K6MEATDK9KQN9XVB0AV6F3TK.webp,image,1,2025-10-03 10:37:11,2025-10-03 10:37:11
702,146,/01K6MESWDPWFVN799NTRN8VVP8.webp,thumbnail,1,2025-10-03 10:45:25,2025-10-03 10:45:25
703,146,/01K6METSTF9GT7Z52VGXCHSAHW.webp,image,1,2025-10-03 10:45:55,2025-10-03 10:45:55
704,146,/01K6MEVCSB1Y6DPRDA3F1A0N35.webp,image,1,2025-10-03 10:46:15,2025-10-03 10:46:15
705,146,/01K6MEVZ2KFHK2VSN1WXV6JQMT.webp,image,1,2025-10-03 10:46:33,2025-10-03 10:46:33
706,147,/01K6MF2934QKG4NFRMW70H45RN.webp,thumbnail,1,2025-10-03 10:50:00,2025-10-03 10:50:00
707,147,/01K6MF31YGSQ1EKZB7ZNTWAQYR.webp,image,1,2025-10-03 10:50:26,2025-10-03 10:50:26
708,147,/01K6MF3CF13S3SCCT3MYC05DYC.webp,image,1,2025-10-03 10:50:37,2025-10-03 10:50:37
709,147,/01K6MF3TAQ1G95AP168AGY0YAT.webp,image,1,2025-10-03 10:50:51,2025-10-03 10:50:51
710,148,/01K6MFAVRDKYFJJE7YTWSDFXAC.webp,thumbnail,1,2025-10-03 10:54:41,2025-10-03 10:54:41
711,148,/01K6MFB9BGK5MWV3B3NBCBRQZ0.webp,image,1,2025-10-03 10:54:55,2025-10-03 10:54:55
712,148,/01K6MFBWDA8004M21Z30DGNJRE.webp,image,1,2025-10-03 10:55:15,2025-10-03 10:55:15
713,148,/01K6MFCDVD6X5Q97B3NZ2XNNMP.webp,image,1,2025-10-03 10:55:33,2025-10-03 10:55:33
716,150,/01K6N1G57CBKDFQZSQJ1126Z7M.webp,thumbnail,1,2025-10-03 16:12:10,2025-10-03 16:12:10
717,150,/01K6N1GX481PFVNQWEMZMSRYPR.webp,image,1,2025-10-03 16:12:34,2025-10-03 16:12:34
718,150,/01K6N1HDYSZ15VHP1TSH4CZ4VK.webp,image,1,2025-10-03 16:12:51,2025-10-03 16:12:51
719,150,/01K6N1J6JY5K90KZE038A92HKP.webp,image,1,2025-10-03 16:13:16,2025-10-03 16:13:16
720,151,/01K6N1RRVVSB1XMXXSJF23PQB3.webp,thumbnail,1,2025-10-03 16:16:52,2025-10-03 16:16:52
721,151,/01K6N1SEETEXKT5QT24S22HBZN.webp,image,1,2025-10-03 16:17:14,2025-10-03 16:17:14
722,151,/01K6N1T3PCRGF9SPVS9XP2N1R8.webp,image,1,2025-10-03 16:17:36,2025-10-03 16:17:36
723,151,/01K6N1TQERPHVG14JQ29J67N52.webp,image,1,2025-10-03 16:17:56,2025-10-03 16:17:56
724,152,/01K6N27M65B90JSB1P43W7X6BH.webp,thumbnail,1,2025-10-03 16:25:00,2025-10-03 16:25:00
725,152,/01K6N297Q7F45V8DEC41SXC6BD.webp,image,1,2025-10-03 16:25:51,2025-10-03 16:25:51
726,152,/01K6N2A1KTTN9KZ9G0Z655ZSZ6.webp,image,1,2025-10-03 16:26:18,2025-10-03 16:26:18
727,152,/01K6N2BQX0N2DAKEER9TYN01NC.webp,image,1,2025-10-03 16:27:13,2025-10-03 16:27:13
728,152,/01K6N2Z5TMSEG6C3G35QQ1KZSF.webp,image,1,2025-10-03 16:37:57,2025-10-03 16:37:57
729,153,/01K6N37ENPS2QEW57C9P6HRY6P.webp,thumbnail,1,2025-10-03 16:42:21,2025-10-03 16:42:21
730,153,/01K6N38DZMCAX304KZFC65TWN7.webp,image,1,2025-10-03 16:42:53,2025-10-03 16:42:53
731,153,/01K6N39NSQK973PF0VP0RN6HTR.webp,image,1,2025-10-03 16:43:34,2025-10-03 16:43:34
732,154,/01K6NF3HDA593MJ2N7KKVAME14.webp,thumbnail,1,2025-10-03 20:09:56,2025-10-03 20:09:56
733,154,/01K6NF40XX50W7RPRXK4AY7DVY.webp,image,1,2025-10-03 20:10:12,2025-10-03 20:10:12
734,154,/01K6NF4RFXA36SYCC1M3T29K2J.webp,image,1,2025-10-03 20:10:36,2025-10-03 20:10:36
735,154,/01K6NF58A9V6K2FE2MBB9AAHE4.webp,image,1,2025-10-03 20:10:52,2025-10-03 20:10:52
736,155,/01K6NFCC48AM7Z3QATY1VPTTTK.webp,thumbnail,1,2025-10-03 20:14:45,2025-10-03 20:14:45
737,155,/01K6NFCQN153RZPVD9AWHRT3G8.webp,image,1,2025-10-03 20:14:57,2025-10-03 20:14:57
738,155,/01K6NFD1R514RF9X3578MY2KWF.webp,image,1,2025-10-03 20:15:08,2025-10-03 20:15:08
739,156,/01K6NFGHAMA8Y5T6B0TTWA2ZAH.webp,thumbnail,1,2025-10-03 20:17:02,2025-10-03 20:17:02
740,156,/01K6NFGWDXH2V0WEPN9Y71R4NM.webp,image,1,2025-10-03 20:17:13,2025-10-03 20:17:13
741,156,/01K6NFH8BA6BQWZ6N28ZEJQ3DW.webp,image,1,2025-10-03 20:17:25,2025-10-03 20:17:25
742,156,/01K6NFHTV0YEB78KMNY11CJV91.webp,image,1,2025-10-03 20:17:44,2025-10-03 20:17:44
743,149,/01K6NFNW2E8YKHKYFW9A189ZZW.webp,thumbnail,1,2025-10-03 20:19:57,2025-10-03 20:19:57
744,149,/01K6NFP7XAYVYSJ4A3TC7RX6J5.webp,image,1,2025-10-03 20:20:09,2025-10-03 20:20:09
745,149,/01K6NFTSQ5WSPRWN20CFZ7S87D.webp,image,1,2025-10-03 20:22:38,2025-10-03 20:22:38
746,157,/01K6NGM5EXNF7AT4DSMV6TJF1K.webp,thumbnail,1,2025-10-03 20:36:30,2025-10-03 20:36:30
747,157,/01K6NGMX87GBSRT0PAT1A4XRFD.webp,image,1,2025-10-03 20:36:54,2025-10-03 20:36:54
748,157,/01K6NGP41D66YEGTVHAT8NGB02.webp,image,1,2025-10-03 20:37:34,2025-10-03 20:37:34
749,158,/01K6NH48RNTE0RESMG5NH1WFSC.webp,thumbnail,1,2025-10-03 20:45:17,2025-10-03 20:45:17
750,158,/01K6NH5FK010C1693BKGDJNV4T.webp,image,1,2025-10-03 20:45:57,2025-10-03 20:45:57
751,158,/01K6NH6AN6J1REY8HR1GNFNMK6.webp,image,1,2025-10-03 20:46:24,2025-10-03 20:46:24
752,158,/01K6NH784F5AWHSR86SYYCDFT1.webp,image,1,2025-10-03 20:46:55,2025-10-03 20:46:55
753,159,/01K6NK2T5W5BBYJCK9KSKZQERT.webp,thumbnail,1,2025-10-03 21:19:27,2025-10-03 21:19:27
754,159,/01K6NK3H9KHNAPCZD6GG5D2B1F.webp,image,1,2025-10-03 21:19:50,2025-10-03 21:19:50
755,159,/01K6NK4682HHFRXN5ZQJ3YZK1D.webp,image,1,2025-10-03 21:20:12,2025-10-03 21:20:12
756,159,/01K6NK56QVR6M09R5A5S1XMGG7.webp,image,1,2025-10-03 21:20:45,2025-10-03 21:20:45
757,160,/01K6NKT56A5JQHQTXA58QZG77V.webp,thumbnail,1,2025-10-03 21:32:13,2025-10-03 21:32:13
758,160,/01K6NKTZG5S7VPF6H6N56F7MDW.webp,image,1,2025-10-03 21:32:38,2025-10-03 21:32:38
759,160,/01K6NKVEAQZXCCGH8CDJ2MR444.webp,image,1,2025-10-03 21:32:54,2025-10-03 21:32:54
760,160,/01K6NKW07XSEVAE6EZDZE8AG6Q.webp,image,1,2025-10-03 21:33:12,2025-10-03 21:33:12
761,161,/01K6NM1Y20TZKYVYKJPXPAC2GT.webp,thumbnail,1,2025-10-03 21:36:28,2025-10-03 21:36:28
762,161,/01K6NM2D0X3W20Q5YZEKDCDD3T.webp,image,1,2025-10-03 21:36:42,2025-10-03 21:36:42
763,161,/01K6NM2VGYX5Z6PABVECD6W2G4.webp,image,1,2025-10-03 21:36:57,2025-10-03 21:36:57
764,161,/01K6NM3Q016EAD747ED4F6J2HQ.webp,image,1,2025-10-03 21:37:25,2025-10-03 21:37:25
765,162,/01K6NMA5A3RXAJT9SJWRBMHGXZ.webp,thumbnail,1,2025-10-03 21:40:58,2025-10-03 21:40:58
766,162,/01K6NMAS80KA8JZXTTKK1Z73JY.webp,image,1,2025-10-03 21:41:16,2025-10-03 21:41:16
767,164,/01K6NMHYXG6T0250V6FJT7HHM9.webp,thumbnail,1,2025-10-03 21:45:12,2025-10-03 21:45:12
768,164,/01K6NMJBESBJ8ZX7ZRVRCX3G6H.webp,image,1,2025-10-03 21:45:24,2025-10-03 21:45:24
769,164,/01K6NMJP1YZFAT4Q3B2JTRMYQA.webp,image,1,2025-10-03 21:45:35,2025-10-03 21:45:35
770,166,/01K6NMX45HS3BFR5E47RV9YJDP.webp,thumbnail,1,2025-10-03 21:51:17,2025-10-03 21:51:17
771,166,/01K6NMXH2M4JPC5QNKNMK16NXN.webp,image,1,2025-10-03 21:51:30,2025-10-03 21:51:30
772,166,/01K6NMY089WKJ3WT0F634PRW8H.webp,image,1,2025-10-03 21:51:46,2025-10-03 21:51:46
773,166,/01K6NMYAZXSJWPNNGR8GB1X9AA.webp,image,1,2025-10-03 21:51:57,2025-10-03 21:51:57
774,168,/01K6NNQVQTJHXBC5W6VWKVEN4B.webp,thumbnail,1,2025-10-03 22:05:53,2025-10-03 22:05:53
775,168,/01K6NNRJNJY88PQ7W4AE25X3MX.webp,image,1,2025-10-03 22:06:17,2025-10-03 22:06:17
776,168,/01K6NNS069HM7GT0E32A189M7J.webp,image,1,2025-10-03 22:06:31,2025-10-03 22:06:31
777,168,/01K6NNSMSGG5QGPFZ4G9B9QT03.webp,image,1,2025-10-03 22:06:54,2025-10-03 22:06:54
778,169,/01K6NNZVWQR18617G842G63B4V.webp,thumbnail,1,2025-10-03 22:10:16,2025-10-03 22:10:16
779,169,/01K6NP07C5TTP3RWKFPD5CCMCM.webp,image,1,2025-10-03 22:10:28,2025-10-03 22:10:28
780,169,/01K6NP0GT0NKV6S185WTWVJRH7.webp,image,1,2025-10-03 22:10:37,2025-10-03 22:10:37
781,168,/01K6NPCWXASVBAAYZ64W42XMTC.webp,image,1,2025-10-03 22:17:23,2025-10-03 22:17:23
782,170,/01K6NREB5DNC136F517QEQ92AW.webp,thumbnail,1,2025-10-03 22:53:08,2025-10-03 22:53:08
783,170,/01K6NRER4EYYCE5H7K6857EYS6.webp,image,1,2025-10-03 22:53:20,2025-10-03 22:53:20
784,170,/01K6NRF46VQYTA896TNESMEQ6B.webp,image,1,2025-10-03 22:53:33,2025-10-03 22:53:33
785,171,/01K6NRQWCCK6FSH4FCDN3QEV6X.webp,thumbnail,1,2025-10-03 22:58:20,2025-10-03 22:58:20
786,171,/01K6NRR8N5Y471JMS5E05XDEJ0.webp,image,1,2025-10-03 22:58:32,2025-10-03 22:58:32
787,171,/01K6NRRK2GMM82JPSH1EZFQ36B.webp,image,1,2025-10-03 22:58:43,2025-10-03 22:58:43
788,165,/01K6RBGPW0DMRHWK0AGTGW89TF.webp,thumbnail,1,2025-10-04 23:04:58,2025-10-04 23:04:58
789,165,/01K6RBH3REEEJ4G3CZY62YK23V.webp,image,1,2025-10-04 23:05:10,2025-10-04 23:05:10
790,165,/01K6RBHG8C92BSFX07YR3BQDWV.webp,image,1,2025-10-04 23:05:23,2025-10-04 23:05:23
791,162,/01K6RBKERHHQ4ZXJHNMG1AMP4Z.webp,image,1,2025-10-04 23:06:27,2025-10-04 23:06:27
792,162,/01K6RBKVX61ZKMYS18QKE26YMR.webp,image,1,2025-10-04 23:06:40,2025-10-04 23:06:40
793,163,/01K6RBPM4K9JRYED63FSH678VZ.webp,thumbnail,1,2025-10-04 23:08:12,2025-10-04 23:08:12
794,163,/01K6RBQ4K76TGR9Y21MZY9FJRD.webp,image,1,2025-10-04 23:08:27,2025-10-04 23:08:27
795,163,/01K6RBQK0Q919P12HGPK1PMAWT.webp,image,1,2025-10-04 23:08:42,2025-10-04 23:08:42
796,163,/01K6RBRAEZ5QTQZW9C0R8Q4XP0.webp,image,1,2025-10-04 23:09:06,2025-10-04 23:09:06
797,170,/01K6RBTTHST7W5GMTXAWXF5YQW.webp,image,1,2025-10-04 23:10:28,2025-10-04 23:10:28
798,171,/01K6RBVWPDJCD513Q916JVWCRT.webp,image,1,2025-10-04 23:11:03,2025-10-04 23:11:03
799,167,/01K6RBXJFWRRGD0NAKENS0GK20.webp,thumbnail,1,2025-10-04 23:11:58,2025-10-04 23:11:58
800,167,/01K6RBXWRHNVG95305XW5DEDBH.webp,image,1,2025-10-04 23:12:08,2025-10-04 23:12:08
801,167,/01K6RBYBJE2955M7FERNG287Z8.webp,image,1,2025-10-04 23:12:24,2025-10-04 23:12:24
802,167,/01K6RBZCXM7QX7TQWYC2BT68HX.webp,image,1,2025-10-04 23:12:58,2025-10-04 23:12:58
803,172,/01K6RCYJFR1BW3JSJN2ESH24AF.webp,thumbnail,1,2025-10-04 23:30:02,2025-10-04 23:30:02
804,172,/01K6RCZ7YJ2XHQF0DTM4DZTFH4.webp,image,1,2025-10-04 23:30:21,2025-10-04 23:30:21
805,172,/01K6RD0B7Q3625HATCSAN8RMFR.webp,thumbnail,1,2025-10-04 23:30:57,2025-10-04 23:30:57
806,173,/01K6RD9YTC4KJ4DX3FZ6W0D7C6.webp,thumbnail,1,2025-10-04 23:36:12,2025-10-04 23:36:12
807,173,/01K6RDAA8RDFFCJ81KG3B18XBD.webp,image,1,2025-10-04 23:36:24,2025-10-04 23:36:24
808,173,/01K6RDARFQP65E12E1WS9HDXZG.webp,image,1,2025-10-04 23:36:39,2025-10-04 23:36:39
809,174,/01K6RDVHHWSHR1EH5T52JP83FT.webp,thumbnail,1,2025-10-04 23:45:50,2025-10-04 23:45:50
810,174,/01K6RDW5VG2HGYRDP9BGGGAEHX.webp,image,1,2025-10-04 23:46:10,2025-10-04 23:46:10
811,174,/01K6RDWK736JBXXFJ2Y61H5KTX.webp,image,1,2025-10-04 23:46:24,2025-10-04 23:46:24
812,175,/01K6RDZ1NE4K3PNS2TK97XSP0Y.webp,thumbnail,1,2025-10-04 23:47:43,2025-10-04 23:47:43
813,175,/01K6RDZDQENG8QD5D9DNCFSNMW.webp,image,1,2025-10-04 23:47:56,2025-10-04 23:47:56
814,175,/01K6RDZRJ3CQ0F8PAY7YBTKFWB.webp,image,1,2025-10-04 23:48:07,2025-10-04 23:48:07
815,176,/01K6REBXGS6W8BZ931F86NPQYJ.webp,thumbnail,1,2025-10-04 23:54:49,2025-10-04 23:54:49
816,176,/01K6REE19MF4PG1ANH3D0T4M1Z.webp,image,1,2025-10-04 23:55:56,2025-10-04 23:55:56
817,176,/01K6REETG0PZ94MPH6PPYVMYN3.webp,image,1,2025-10-04 23:56:21,2025-10-04 23:56:21
818,177,/01K6RGNFZKDBK6M5WER5FJ753A.webp,thumbnail,1,2025-10-05 00:34:57,2025-10-05 00:34:57
819,177,/01K6RGPADGVAQ0P4HZXX7FXE28.webp,image,1,2025-10-05 00:35:23,2025-10-05 00:35:23
820,177,/01K6RGQQSFPBP41T1GSBY95HD3.webp,image,1,2025-10-05 00:36:10,2025-10-05 00:36:10
821,178,/01K6RGVZA4TSN4HJX1DS7NJ81F.webp,thumbnail,1,2025-10-05 00:38:28,2025-10-05 00:38:28
822,178,/01K6RGWB78S99P1425D4DW55BV.webp,image,1,2025-10-05 00:38:41,2025-10-05 00:38:41
823,178,/01K6RGWWF738MAQW8H69Z4R0ZQ.webp,image,1,2025-10-05 00:38:59,2025-10-05 00:38:59
824,179,/01K6RHE62B3VW4GRZ29349SPKF.webp,thumbnail,1,2025-10-05 00:48:25,2025-10-05 00:48:25
825,179,/01K6RHF611N7JKHD9M1HG64718.webp,image,1,2025-10-05 00:48:58,2025-10-05 00:48:58
826,179,/01K6RHFSFFTQXKV51EF8FQFZ1B.webp,image,1,2025-10-05 00:49:18,2025-10-05 00:49:18
827,180,/01K6RHKW3HZBNRNEA74103CXYF.webp,thumbnail,1,2025-10-05 00:51:32,2025-10-05 00:51:32
828,180,/01K6RHMT3RXMYBGEY3C780WBMC.webp,image,1,2025-10-05 00:52:02,2025-10-05 00:52:02
829,180,/01K6RHN50SQ0KF3WR2C7Y4VFTE.webp,image,1,2025-10-05 00:52:14,2025-10-05 00:52:14
830,181,/01K6RHS8FGHG7DPMT0FV2C4437.webp,thumbnail,1,2025-10-05 00:54:28,2025-10-05 00:54:28
831,181,/01K6RHSMFZC99M7HVGNXX3QQDS.webp,image,1,2025-10-05 00:54:40,2025-10-05 00:54:40
832,181,/01K6RHT0Y5A3NC99CXYZ9VE4GJ.webp,image,1,2025-10-05 00:54:53,2025-10-05 00:54:53
833,182,/01K6RKH0PF93QPD61DDRRR4J7X.webp,thumbnail,1,2025-10-05 01:24:59,2025-10-05 01:24:59
834,182,/01K6RKHJREYYV4EMWX03TYYMRS.webp,image,1,2025-10-05 01:25:14,2025-10-05 01:25:14
835,182,/01K6RKJ152X75JW7AG5WN14JJZ.webp,image,1,2025-10-05 01:25:28,2025-10-05 01:25:28
836,183,/01K6RM0ZKY2V1BCM6NV3ZJ4WFF.webp,thumbnail,1,2025-10-05 01:33:38,2025-10-05 01:33:38
837,183,/01K6RM18ZQNGRBFRSY6H5QPPG0.webp,image,1,2025-10-05 01:33:48,2025-10-05 01:33:48
838,183,/01K6RM2EZSC1KHD0KMMY0XY9JB.webp,image,1,2025-10-05 01:34:27,2025-10-05 01:34:27
839,184,/01K6RMB9NHWKKFANV1F9BA70JV.webp,thumbnail,1,2025-10-05 01:39:17,2025-10-05 01:39:17
840,184,/01K6RMBP7SMC5SVS0CYXB203FT.webp,image,1,2025-10-05 01:39:29,2025-10-05 01:39:29
841,184,/01K6RMC3P7TWXEDB1S3C2H5A84.webp,image,1,2025-10-05 01:39:43,2025-10-05 01:39:43
842,185,/01K6RN3HCZW88KR4BH4NCRAEN0.webp,thumbnail,1,2025-10-05 01:52:31,2025-10-05 01:52:31
843,185,/01K6RN3WR7PQMSF6DQ349KJ94V.webp,image,1,2025-10-05 01:52:42,2025-10-05 01:52:42
844,185,/01K6RN47D9BGWZBZ6PTG4JRPPW.webp,image,1,2025-10-05 01:52:53,2025-10-05 01:52:53
845,186,/01K6RNB5TTZP8QTKY9NG0MR73E.webp,thumbnail,1,2025-10-05 01:56:41,2025-10-05 01:56:41
846,186,/01K6RNC1J1DKZ88AE3A4DYXBAQ.webp,image,1,2025-10-05 01:57:09,2025-10-05 01:57:09
847,186,/01K6RNCNKCFNFD4EHTTYN93AWX.webp,image,1,2025-10-05 01:57:30,2025-10-05 01:57:30
848,187,/01K6RP06S0NHFBN08P90THANE0.webp,thumbnail,1,2025-10-05 02:08:10,2025-10-05 02:08:10
849,187,/01K6RP1A7V68YW2WZ9R3MPP255.webp,image,1,2025-10-05 02:08:46,2025-10-05 02:08:46
850,187,/01K6RP1M8BD1TH2PY162M34NNP.webp,image,1,2025-10-05 02:08:57,2025-10-05 02:08:57
851,188,/01K6SGAEJAJNK73CSKAKDHY2YP.webp,thumbnail,1,2025-10-05 09:48:09,2025-10-05 09:48:09
852,188,/01K6SGAR9K1YESWENWQ8ABH9C5.webp,image,1,2025-10-05 09:48:19,2025-10-05 09:48:19
853,188,/01K6SGB8YQJMXAG7DRVN9D4NN6.webp,image,1,2025-10-05 09:48:36,2025-10-05 09:48:36
854,189,/01K6SGFWCACMH6HAX6VS42P8PM.webp,thumbnail,1,2025-10-05 09:51:07,2025-10-05 09:51:07
855,189,/01K6SGG7QHB5238GCYGRX5MXKT.webp,image,1,2025-10-05 09:51:18,2025-10-05 09:51:18
856,189,/01K6SGGN5WNNVNXXYRQWC02FC0.webp,image,1,2025-10-05 09:51:32,2025-10-05 09:51:32
857,190,/01K6SQVDH8VYMKPVJ742WZY6D6.webp,image,1,2025-10-05 11:59:45,2025-10-05 11:59:45
858,190,/01K6SQVVG7AGADGP49R337JSJM.webp,image,1,2025-10-05 11:59:59,2025-10-05 11:59:59
859,190,/01K6SQWQG353YG35B1N3G4BY4G.webp,image,1,2025-10-05 12:00:28,2025-10-05 12:00:28
860,190,/01K6SQZJMWX0H5AYC8SMQMPJAN.webp,image,1,2025-10-05 12:02:01,2025-10-05 12:02:01
861,190,/01K6SR14DV16RFE47SMHNHEJE1.webp,image,1,2025-10-05 12:02:52,2025-10-05 12:02:52
862,190,/01K6SR1QFZY0J5VP5CA68BEG94.webp,image,1,2025-10-05 12:03:12,2025-10-05 12:03:12
863,190,/01K6SR4CDJ6HJ930S74PZKDY44.webp,image,1,2025-10-05 12:04:38,2025-10-05 12:04:38
864,191,/01K6SS2G7PXPNW980QE2AR9WJZ.webp,image,1,2025-10-05 12:21:12,2025-10-05 12:21:12
865,191,/01K6SS4A9NJ52J57179VW3FXVJ.webp,image,1,2025-10-05 12:22:06,2025-10-05 12:22:06
866,190,/01K6TY53RCEG2ZZ5E49CKRJY7B.webp,thumbnail,1,2025-10-05 23:09:09,2025-10-05 23:09:09
867,190,/01K6TY5T7M8MKK3H32NYRNMMXR.webp,image,1,2025-10-05 23:09:37,2025-10-05 23:09:37
868,190,/01K6TY6WC4DA17VDAJR8VNRQW7.webp,image,1,2025-10-05 23:10:06,2025-10-05 23:10:06
869,190,/01K6TY7MX0CXN04MWDBNTXJRM4.webp,image,1,2025-10-05 23:10:32,2025-10-05 23:10:32
870,190,/01K6TY8H63YPT65AVPQ37C6EVG.webp,image,1,2025-10-05 23:11:01,2025-10-05 23:11:01
871,190,/01K6TY8ZFBMRMFCCW2P23SGQZP.webp,image,1,2025-10-05 23:11:15,2025-10-05 23:11:15
872,191,/01K6TYEXG5NMJ7JDE2EN1QZDNJ.webp,thumbnail,1,2025-10-05 23:14:30,2025-10-05 23:14:30