id,variant_attribute_id,name,category,value
1,1,مشکی,مشکی,#212121
2,1,سفید,سفید,#FFFFFF
3,1,قرمز,قرمز,#f44336
4,1,آبی,آبی,#2196f3
5,1,زرد,زرد,#ffeb3b
6,1,سبز,سبز,#00e676
7,1,صورتی,صورتی,#FF80AB
8,1,بنفش,بنفش,#9C27B1
9,1,سرمه ای,آبی,#002171
11,1,خاکستری,طوسی,#9E9E9E
12,1,نقره ای,طوسی,#dedede
13,1,نوک مدادی,مشکی,#424242
14,1,قهوه ای,قهوه‌‌ای,#562e1f
15,1,طلایی,زرد,#c99212
16,1,زرشکی,قرمز,#6a1313
17,1,نارنجی,نارنجی,#ff5722
18,1,فیروزه ای,آبی,#4ddcd7
19,1,سبز فسفری,سبز,#5ac104
20,1,یشمی,سبز,#9e9d24
21,1,زیتونی,سبز,#84831c
22,1,پوست پیازی,قرمز,#c48a89
23,1,زرد خردلی,زرد,#d0a40a
24,1,یاسی,بنفش,#fce4ec
25,1,گل بهی,صورتی,#FF8A81
26,1,سبز آبی,آبی,#00fff0
27,1,کرم,سفید,#ffecca
28,1,نسکافه ای,قهوه‌‌ای,#a98274
29,1,سفید صدفی,سفید,#f3f3f3
30,1,بژ,زرد,#e6dab3
31,1,مسی,قرمز,#e65319
32,1,چند رنگ,بنفش,#C71585
34,1,نقره ای آبی,آبی,#c2d3da
35,1,بی رنگ,سفید,#FFFFFE
38,1,ماهگونی,قهوه‌‌ای,#3f1e1f
39,1,طوسی,طوسی,#e0e0e0
40,1,بنفش تیره,بنفش,#24002b
41,1,شکلاتی,مشکی,#3d2217
42,1,آبی تیره,آبی,#4c5e74
43,1,آبی روشن,آبی,#40aaff
44,1,سبز روشن,سبز,#4dff97
45,1,سبز تیره,سبز,#007e33
46,1,سرخابی,قرمز,#f50057
47,1,صورتی تیره,صورتی,#a41147
48,1,قهوه ای تیره,مشکی,#392622
49,1,قهوه ای روشن,قهوه‌‌ای,#7b584c
50,1,رز گلد,صورتی,#ff9e80
53,1,زرد کم‌رنگ,زرد,#f6f0bb
54,1,نارنجی کم‌رنگ,نارنجی,#ffaf47
55,1,مشکی مات,مشکی,#443c3c
56,1,مشکی براق,مشکی,#000000
59,1,سفید یخی,سفید,#E1F5FE
60,1,سفید چرمی,سفید,#fdf3d9
61,1,استیل,طوسی,#ebebeb
64,1,برنز,قهوه‌‌ای,#c77b30
65,1,کالباسی,صورتی,#ffb1b9
66,1,صورتی خاکستری,صورتی,#b498a1
67,1,ذغالی,مشکی,#2f2f2f
68,1,تیتانیومی,نقره‌ای,#b2abb2
69,1,طلایی مات,زرد,#8a6b1f
70,1,گیلاسی,قرمز,#B71C1C
71,1,کروم,طوسی,#dadada
72,1,آبی متالیک,آبی,#6683cc
73,1,صورتی روشن,صورتی,#ff92b7
74,1,بنفش روشن,بنفش,#d05ce3
75,1,قرمز مات,قرمز,#790b16
76,1,نقره‌ای مات,طوسی,#BDBDBD
77,1,سبز کله غازی,سبز,#01554b
79,1,سبز سدری,سبز,#606300
80,1,سرمه ای روشن,آبی,#0048a5
81,1,سرمه ای تیره,مشکی,#010136
82,1,زرد لیمویی,زرد,#d2ff00
83,1,قرمز آجری,قرمز,#de3f1a
84,1,شیری,سفید,#ffe5bf
85,1,عسلی,زرد,#ffc001
86,1,آبی نفتی,آبی,#10265b
87,1,کرم تیره,قهوه‌‌ای,#c2a986
89,1,آبی یخی,آبی,#d5f2ff
90,1,هفت رنگ,سفید,#479494
92,1,برنجی,قهوه‌‌ای,#9f8256
93,1,ارغوانی,بنفش,#9966cc
94,1,طوسی روشن,طوسی,#c3c3c3
95,1,عنابی,قرمز,#51241f
96,1,قهوه‌ای شتری,قهوه‌‌ای,#b56e4a
97,1,قرمز روشن,قرمز,#ff6464
98,1,مرجانی,نارنجی,#f95e48
99,1,آبی کدر,آبی,#768e9e
100,1,زرد فسفری,زرد,#b1d61d
101,1,خاکی,قهوه‌‌ای,#cec1b1
102,1,کروم مات,طوسی,#A39E9A
103,1,پلاتینیوم,نقره‌ای,#e5e4e2
104,1,دودی,طوسی,#696969
106,1,طوسی فیلی,طوسی,#838287
107,1,مارون,قرمز,#800000
111,1,قرمز شرابی,قرمز,#722f37
113,1,سبز مغز پسته ای,سبز,#93c572
115,1,آلومینیومی,نقره‌ای,#848789
117,1,گردویی,قهوه‌‌ای,#cd5c5c
120,1,طلایی براق,زرد,#d4af37
121,1,استخوانی,سفید,#fffff0
122,1,بادمجانی,بنفش,#341941
123,1,کهربایی,نارنجی,#FFBF00
124,1,لاجوردی,آبی,#00e1ff
127,1,جگری,قرمز,#821a1a
128,1,آبی کاربنی,آبی,#191970
129,1,طوسی تیره,طوسی,#808080
131,1,آبی نیلی,آبی,#4682b4
132,1,هلویی,نارنجی,#F4A460
135,1,آلبالویی,قرمز,#2f0909
137,1,سبز دریایی,سبز,#6accab
139,1,نارنجی فسفری,نارنجی,#d93101
140,1,كروم,طوسی,e7e5e6
141,1,آبی آسمانی,آبی,#e0ffff
144,1,کرم روشن,سفید,#ffdead
146,1,نخودی,زرد,#eee8aa
147,1,قهوه‌ای روشن مات,قهوه‌‌ای,#5f3e24
148,1,قهوه‌ای روشن براق,قهوه‌‌ای,#b37e2b
150,1,قرمز تیره,قرمز,#8B0000
151,1,سبز فلورسنت,سبز,83f52c
152,1,زرد فلورسنت,زرد,#ccff00
153,1,صورتی فلورسنت,صورتی,#ff5aac
154,1,نارنجی فلورسنت,نارنجی,#FF5F1F
155,1,آبی کم‌رنگ,آبی,#AFEEEE
156,1,آبی طوسی,,6B737B
157,1,فندقی,قهوه‌‌ای,A0522D
162,1,صورتی مرجانی,,#F88379
167,1,سفید براق,سفید,#FFFDFA
168,1,سفید متالیک,,#FBFCF6
386,1,سبز لجنی,سبز,#2a3500
387,1,هندوانه ای,قرمز,#E4554B
396,1,ارتشی سبز,سبز,#4B5320
397,1,سفید مات,سفید,#FDFBF9
398,1,بیاض مش,قهوه‌‌ای,#dbc2aa
400,1,راش روشن,زرد,#DCA16A
405,1,مشکی شفاف,مشکی,#343434
100008,2,SIZE 3,,SIZE 3
100009,2,SIZE 2,,SIZE 2
100010,2,SIZE 1,,SIZE 1
100011,2,فری سایز,,Free Size
100012,2,1,,1
100014,2,2,,2
100015,2,3,,3
100016,2,4,,4
100017,2,5,,5
100019,2,6,,6
100021,2,7,,7
100023,2,8,,8
100025,2,9,,9
100027,2,10,,10
100029,2,11,,11
100031,2,12,,12
100032,2,13,,13
100033,2,14,,14
100036,2,16,,16
100040,2,18,,18
100042,2,19,,19
100044,2,20,,20
100047,2,22,,22
100049,2,23,,23
100051,2,24,,24
100053,2,25,,25
100055,2,26,,26
100057,2,27,,27
100059,2,28,,28
100061,2,29,,29
100063,2,30,,30
100065,2,31,,31
100067,2,32,,32
100069,2,33,,33
100071,2,34,,34
100073,2,35,,35
100075,2,36,,36
100077,2,37,,37
100079,2,38,,38
100081,2,39,,39
100083,2,40,,40
100085,2,41,,41
100087,2,42,,42
100089,2,43,,43
100091,2,44,,44
100093,2,45,,45
100095,2,46,,46
100099,2,48,,48
100103,2,50,,50
100107,2,52,,52
100110,2,54,,54
100111,2,55,,55
100112,2,56,,56
100114,2,58,,58
100116,2,60,,60
100117,2,62,,62
100119,2,64,,64
100120,2,65,,65
100121,2,66,,66
100123,2,68,,68
100125,2,70,,70
100128,2,75,,75
100131,2,80,,80
100132,2,85,,85
100134,2,90,,90
100136,2,95,,95
100138,2,100,,100
100140,2,105,,105
100141,2,110,,110
100147,2,130,,130
100152,2,146,,146
100154,2,152,,152
100171,2,XXS,,XXS
100172,2,XXL,,XXL
100173,2,XS,,XS
100174,2,XL,,XL
100175,2,S,,S
100176,2,M,,M
100177,2,L,,L
100179,2,8XL,,8XL
100181,2,7XL,,7XL
100183,2,6XL,,6XL
100185,2,5XL,,5XL
100186,2,4XS,,4XS
100187,2,4XL,,4XL
100188,2,3XS,,3XS
100189,2,3XL,,3XL
100193,2,XXL-3XL,,XXL-3XL
100194,2,XS-S,,XS-S
100196,2,XL-XXL,,XL-XXL
100199,2,S-M,,S-M
100200,2,S-L,,S-L
100201,2,M-XXL,,M-XXL
100202,2,M-XL,,M-XL
100204,2,M-L,,M-L
100205,2,L-XXL,,L-XXL
100206,2,L-XL,,L-XL
100207,2,L-3XL,,L-3XL
100221,2,W46/L34,,W46/L34
100222,2,W46/L32,,W46/L32
100223,2,W46/L30,,W46/L30
100224,2,W44/L36,,W44/L36
100225,2,W44/L34,,W44/L34
100226,2,W44/L33,,W44/L33
100227,2,W44/L32,,W44/L32
100228,2,W44/L30,,W44/L30
100229,2,W42/L34,,W42/L34
100231,2,W42/L32,,W42/L32
100232,2,W42/L30,,W42/L30
100233,2,W40/L34,,W40/L34
100234,2,W40/L33,,W40/L33
100235,2,W40/L32,,W40/L32
100236,2,W40/L30,,W40/L30
100239,2,W38/L34,,W38/L34
100242,2,W38/L32,,W38/L32
100244,2,W38/L30,,W38/L30
100245,2,W38/L28,,W38/L28
100247,2,W36/L34,,W36/L34
100250,2,W36/L32,,W36/L32
100252,2,W36/L30,,W36/L30
100259,2,W34/L36,,W34/L36
100260,2,W34/L34,,W34/L34
100262,2,W34/L33,,W34/L33
100263,2,W34/L32,,W34/L32
100265,2,W34/L30,,W34/L30
100268,2,W33/L34,,W33/L34
100271,2,W33/L32,,W33/L32
100273,2,W33/L30,,W33/L30
100275,2,W32/L36,,W32/L36
100276,2,W32/L34,,W32/L34
100278,2,W32/L32,,W32/L32
100280,2,W32/L30,,W32/L30
100282,2,W31/L34,,W31/L34
100285,2,W31/L32,,W31/L32
100287,2,W31/L30,,W31/L30
100288,2,W31/L28,,W31/L28
100289,2,W30/L34,,W30/L34
100291,2,W30/L32,,W30/L32
100293,2,W30/L30,,W30/L30
100294,2,W30/L29,,W30/L29
100295,2,W30/L28,,W30/L28
100296,2,W29/L34,,W29/L34
100297,2,W29/L32,,W29/L32
100298,2,W29/L30,,W29/L30
100299,2,W28/L34,,W28/L34
100300,2,W28/L32,,W28/L32
100301,2,W28/L30,,W28/L30
100302,2,W28/L28,,W28/L28
100303,2,W27/L34,,W27/L34
100304,2,W27/L32,,W27/L32
100305,2,W27/L30,,W27/L30
100306,2,W27/L28,,W27/L28
100307,2,W26/L34,,W26/L34
100308,2,W26/L32,,W26/L32
100309,2,W26/L30,,W26/L30
100310,2,W26/L28,,W26/L28
100311,2,W25/L34,,W25/L34
100312,2,W25/L32,,W25/L32
100313,2,W25/L30,,W25/L30
100314,2,W24/L32,,W24/L32
100315,2,W24/L30,,W24/L30
100361,2,0 تا 2 ماه,,0 تا 2 ماه
100511,2,36-48,,36-48
100512,2,38-52,,38-52
100513,2,40-54,,40-54
100514,2,42-52,,42-52
100515,2,42-54,,42-54
100516,2,42-56,,42-56
100517,2,42-58,,42-58
100520,2,44-48,,44-48
100521,2,50-52,,50-52
100522,2,48-54,,48-54
100523,2,52-54,,52-54
100524,2,52-56,,52-56
100525,2,40-58,,40-58
100526,2,40-60,,40-60
100527,2,42-60,,42-60
100528,2,56-62,,56-62
100529,2,60-62,,60-62
100530,2,58-64,,58-64
100531,2,60-64,,60-64
100535,2,34-40,,34-40
100536,2,34-46,,34-46
100537,2,34-36,,34-36
100538,2,36-40,,36-40
100539,2,36-42,,36-42
100540,2,36-44,,36-44
100541,2,36-46,,36-46
100542,2,36-50,,36-50
100544,2,34-38,,34-38
100545,2,36-38,,36-38
100546,2,38-40,,38-40
100547,2,38-42,,38-42
100548,2,38-44,,38-44
100549,2,38-46,,38-46
100550,2,38-48,,38-48
100551,2,38-54,,38-54
100552,2,38-58,,38-58
100554,2,40-46,,40-46
100555,2,40-50,,40-50
100556,2,40-52,,40-52
100557,2,40-42,,40-42
100558,2,42-46,,42-46
100559,2,42-50,,42-50
100560,2,34-44,,34-44
100561,2,40-44,,40-44
100562,2,42-44,,42-44
100563,2,44-54,,44-54
100564,2,44-46,,44-46
100565,2,46-56,,46-56
100567,2,46-65,,46-65
100569,2,42-48,,42-48
100570,2,48-56,,48-56
100571,2,48-58,,48-58
100574,2,46-50,,46-50
100575,2,50-58,,50-58
100577,2,44-52,,44-52
100578,2,46-52,,46-52
100579,2,54-56,,54-56
100580,2,54-58,,54-58
100581,2,54-60,,54-60
100583,2,52-58,,52-58
100585,2,54-62,,54-62
100587,2,60-66,,60-66
100588,2,64-70,,64-70
100606,2,146-152,,146-152
100629,2,24-32,,24-32
100635,2,25-32,,25-32
100636,2,26-27,,26-27
100637,2,26-28,,26-28
100638,2,26-30,,26-30
100639,2,26-32,,26-32
100640,2,26-34,,26-34
100641,2,27-28,,27-28
100643,2,27-30,,27-30
100645,2,27-32,,27-32
100646,2,27-34,,27-34
100650,2,36-52,,36-52
100651,2,36-60,,36-60
100654,2,37-42,,37-42
100655,2,30-38,,30-38
100656,2,32-38,,32-38
100660,2,38-50,,38-50
100664,2,30-40,,30-40
100665,2,32-40,,32-40
100668,2,40-43,,40-43
100670,2,40-48,,40-48
100678,2,30-42,,30-42
100679,2,32-42,,32-42
100681,2,34-42,,34-42
100685,2,30-44,,30-44
100686,2,32-44,,32-44
100690,2,44-50,,44-50
100692,2,44-58,,44-58
100695,2,30-46,,30-46
100696,2,32-46,,32-46
100698,2,46-48,,46-48
100699,2,46-54,,46-54
100702,2,48-50,,48-50
100704,2,48-52,,48-52
100705,2,50-54,,50-54
100707,2,50-56,,50-56
100708,2,50-60,,50-60
100709,2,50-62,,50-62
100719,2,56-58,,56-58
100720,2,56-60,,56-60
100721,2,58-60,,58-60
103041,2,فری سایز,,فری سایز
103224,2,32-36,,32-36
103244,2,28-30,,28-30
103245,2,28-32,,28-32
103247,2,28-34,,28-34
103248,2,29-28,,29-28
103249,2,29-30,,29-30
103250,2,29-32,,29-32
103251,2,29-34,,29-34
103252,2,30-28,,30-28
103255,2,30-32,,30-32
103257,2,30-34,,30-34
103260,2,31-28,,31-28
103261,2,31-30,,31-30
103262,2,31-32,,31-32
103265,2,31-36,,31-36
103269,2,32-30,,32-30
103270,2,32-31,,32-31
103272,2,32-34,,32-34
103275,2,33-32,,33-32
103276,2,33-34,,33-34
103280,2,34-30,,34-30
103282,2,34-32,,34-32
103292,2,36-30,,36-30
103294,2,36-32,,36-32
103356,2,W52/L28,,W52/L28
104787,2,38 - 46,,38 - 46