id,upc,name,slug,description,is_promotion,is_visible,created_at,updated_at,drophub,attributes
1,6567a397ba709,کت,Coat,"جنس :فاستونی
رنگبندی: مشکی/طوسی
سایز۱(عرض سینه۶۲/قد۷۵/عرض شانه۴۶)
سایز۲(عرض سینه۶۵/قد۸۰/عرض شانه۵۲)

برای راهنمای اندازه ها به قسمت راهنمای محصول مراجعه کنید.",0,0,2023-11-11 20:28:09,2025-10-23 12:52:09,,
2,6567a397bacd3,شلوار تک پیله فاستونی,Ppnngff,"جنس:فاستونی
رنگبندی:طوسی/مشکی
سایز۱(دورکمر۶۸ الی۸۵)
سایز۲(دورکمر۸۶الی۱۰۵)
دور ران ۶۸
قد کار ۱۱۰

برای راهنمای انتخاب سایز به راهنمای‌محصول‌ مراجعه کنید",0,1,2023-11-11 20:45:35,2025-10-23 12:52:37,,
3,,شلوار تک پیله راه راه,Pantss,"جنس:فاستونی
رنگبندی:تک رنگ
سایز۱(دورکمر۶۸ الی۸۵)
سایز۲(دورکمر۸۶ الی۱۰۵)
دور ران ۶۸
قد۱10(قدکار تن مدل اقا ۱۰۵ برای سفارش این قد فقط از طریق دایرکت اقدام کنید🙏🏽)",0,0,2024-02-23 15:59:50,2025-10-23 12:52:14,,
5,,کراپ کت,Croppp,"جنس:فاستونی
رنگبندی:مشکی راه راه
فری سایز(عرض سینه۶۱/قد بدون تیزی جلوی کار ۵۲)

",0,1,2024-03-01 12:26:42,2024-04-07 22:56:04,,
6,,پیراهن حصیری,Hasiriii,"
رنگبندی:سفید/مشکی/قهوه ای/کرم
فری سایز(عرض سینه63/قد78)",0,1,2024-03-02 12:12:25,2025-10-23 12:52:25,,
7,,شلوار کمر کش,Tro,"جنس:سوپر مازراتی
رنگبندی:کرم/مشکی
فری سایز(دورکمر67الی110)
دور ران 68
قد106",0,1,2024-03-02 12:34:40,2025-03-03 15:43:33,,
8,,پیراهن تک جیب,Ttttaaakkk,"جنس:لینن
رنگبندی:مشکی/سفید
سایز۱(عرض سینه۶۲/قد۷۵)
سایز۲(عرض سینه۶۴/قد۸۰)",0,0,2024-03-02 12:46:44,2025-09-08 19:50:09,,
9,,پیراهن راه راه آبی,Abbiiiirah,"جنس:لینن
رنگبندی:آبی
فری سایز(عرض سینه ۶۳/قد۷۸)",0,0,2024-03-02 13:12:12,2025-09-08 19:51:07,,
10,,شلوار کارگو,Cargoooo,"جنس:کتان
رنگبندی:مشکی/سبز/قهوه ای/سرمه ای",0,1,2024-03-02 13:16:12,2025-09-10 19:40:41,,
11,,پیراهن بیسیک,basiccc,"جنس:بابوس
رنگبندی:سفید و مشکی
فری سایز(عرض سینه۶۳/قد۷۸)
",0,1,2024-03-03 12:29:18,2024-09-07 18:48:03,,
12,,تیشرت بیسیک,TT-shirt,"جنس: پنبه دونخ
رنگبندی:سفید/مشکی/سبز/آبی
فری سایز(عرض سینه ۶۳/قد۷۸)",0,1,2024-03-03 13:36:01,2025-03-14 15:34:55,,
13,,پیراهن یقه انگلیسی,IP-englisi,"جنس:بابوس
رنگبندی:مشکی/سفید
سایز۱(عرض سینه ۶۲/قد۷۵)
سایز۲(عرض سینه ۶۵/قد۸۰)",0,1,2024-03-03 13:45:58,2024-09-07 19:00:50,,
14,,شلوار بگ لینن,NBag-linen,"جنس:لینن
رنگبندی:سفید/مشکی
سایز۱(دورکمر۶۸ الی۸۵)
سایز(دورکمر۸۶الی۱۰۶)
دور ران ۷۰
قد کار ۱۱۰",0,1,2024-03-03 13:52:42,2024-03-03 14:23:29,,
15,,کت لینن,LLinen-coat,"جنس:لینن
رنگبندی:سبز/مشکی
سایز۱(عرض سینه۶۲/قد۷۵)
سایز۲(عرض سینه۶۵/قد۸۰)",0,1,2024-03-03 14:28:25,2025-10-23 12:53:02,,
16,,شلوار دو پیله,PP-mazerati,"جنس:کرپ مازراتی
رنگبندی:کرم /مشکی
سایز۱(دورکمر۶۸ الی۸۵)
سایز۲(دورکمر۸۶ الی۱۰۶)
دور ران ۶۸
قد۱۱۰",0,1,2024-03-03 15:07:35,2025-03-02 14:02:03,,
17,,پیراهن راه راه کنفی,Piran—-,"جنس:لینن
تک رنگ
فری سایز(عرض سینه۶۴/قد۷۸)",0,1,2024-03-03 15:51:57,2025-10-23 12:53:23,,
18,,وست ,Vessst,"وست
جنس:سوپر مازراتی
فری سایز(عرض سینه۶۳/قد۶۵)
رنگبندی:مشکی/کرم استخوانی",0,1,2024-04-03 15:06:20,2024-04-03 15:10:12,,
19,,وست فاستونی,test-mouher,"جنس:فاستونی
تک رنگ(قهوه ای)
فری سایز(عرض سینه 64/قد77)",0,0,2024-04-03 19:03:29,2024-12-18 21:50:01,,
20,,شلوارک تک جیب,Shalvarakkk,"رنگبندی:مشکی
جنس:کتان
فری سایز(دورکمر۶۸ الی۱۰۸)",0,1,2024-04-04 20:23:50,2025-08-30 11:49:29,,
21,,ژیله ,ژیله,"ژیله
جنس:تریکو میله ای
رنگبندی:مشکی/کرم
فری سایز(عرض سینه63/قد70)",0,1,2024-04-06 15:58:51,2024-12-02 13:47:52,,
22,,یقه شکاری,Shekar,"جنس:لینن
رنگبندی:سفید/مشکی
فری سایز(عرض سینه۶۳/قد۷۷)",0,0,2024-04-21 14:37:05,2025-10-23 12:53:38,,
23,,پیراهن بیسیک لینن,668a5b75c3d02,"جنس:لینن
رنگبندی:لیمویی/آبی
فری سایز(عرض سینه62/قد77)
برای سایز های m,l,xl,2xl مناسب است",0,0,2024-07-07 16:11:52,2025-10-23 12:53:57,,
24,,شلوار لینن بند دار,668a5cc816585,"جنس:لینن نچرال
رنگبندی:استخوانی/مشکی/نسکافه ای
سایز1(دورکمر68 الی90)
سایز2(دورکمر85 الی110)
قدکار 110
دور‌ران 68",0,0,2024-07-07 16:18:21,2025-10-23 12:53:30,,
25,,پیراهن لینن جیبدار,6692a6ac2ce70,"جنس:لینن نچرال
رنگبندی:استخوانی/نسکافه ای/مشکی
سایز1(عرض سینه61/قد75)
سایز2(عرض سینه63/قد80)",0,1,2024-07-13 23:10:27,2024-07-13 23:10:27,,
26,,پیراهن راه راه سفید مشکی,669796ae1615e,"جنس:نخ
تک رنگ
سایز1(عرض سینه61/قد75)
سایز2(عرض سینه63/قد80",0,1,2024-07-17 17:03:37,2024-07-17 17:03:37,,
27,,پیراهن 4 دکمه,669cd3e9a3855,"جنس:لینن نخ
رنگبندی:مشکی/کرم/سبز
سایز1(عرض سینه61/قد75)
سایز2(عرض سینه63/قد80)",0,1,2024-07-21 16:25:38,2024-12-18 22:04:42,,
28,,پیراهن تنسل,66a227dface75,"جنس:لینن شاین دار
رنگبندی:مشکی
فری سایز(عرض سینه63/قد77)",0,1,2024-07-25 17:25:18,2024-07-25 17:25:18,,
29,,شلوار کنفی,66a2288520a45,"جنس:لینن کنفی
رنگبندی:سفید
سایز1(دورکمر68 الی85)
سایز2(دورکمر86 الی107)
قد کار 107
دور ران 68",0,1,2024-07-25 17:28:56,2025-03-02 13:41:58,,
30,,تیشرت موهر,66adedbae7e05,"رنگبندی:آبیآسمانی/مشکی/سفید
جنس:پنبه(مناسب بهار و تابستان )
فری سایز(عرض سینه63/قد77)
",0,1,2024-08-03 15:44:45,2024-08-03 15:44:45,,
31,,پیراهن یقه انگلیسی (new),66b36d04757f4,"جنس:بابوس(نخی)
رنگبندی:سفید/مشکی/سبز
سایز1(عرض سینه62/قد75)
سایز2(عرض سینه64/قد80)",0,1,2024-08-07 19:49:03,2024-08-07 20:04:01,,
32,,نیم زیپ,670a9b96ccf50,"جنس:دورس سه نخ(کرکی)
رنگبندی:سبز/سفید
فری سایز(عرض سینه 63/قد77)
مناسب سایر های M/L/xl/2xl

پارچه با دمای 40 درجه شسته شود
آبرفت ندارد و تل تل نمیشود",0,1,2024-10-12 22:57:40,2025-01-05 18:39:49,,
33,,هودی بیسیک,670a9e935d9ee,"جنس:دورس سه نخ(کرکی)
رنگبندی:سبز/مشکی
فری سایز(عرض سینه63/قد77)
مناسب سایز های(M/L/xl/2xl)


پارچه در دمای 40 درجه شسته شود آبرفت ندارد تل تل نمیشود
",0,1,2024-10-12 23:31:51,2025-08-30 11:52:36,,
34,,ترنچ کت(trench coat),670bf36786c84,"جنس:TC(ضد آب)
رنگبندی:مشکی/کرم استخوانی
سایز1(عرض سینه62/قد115)
سایز2(عرض سینه64/قد122)

رنگ اصلی محصول در عکس هایی است که در فضای بیرون گرفته شده✔️
",0,1,2024-10-13 23:26:30,2024-12-02 13:49:14,,
35,,اورکت (over coat),670bf74dc1ae4,"جنس:فوتر
رنگبندی:ذغالی /مشکی
سایز1(عرض سینه60/قد100)
سایز2(عرض سینه64/قد110)

",0,1,2024-10-13 23:39:15,2025-09-14 11:18:19,,
36,,یقه پولو,670d08eedc032,"جنس:دورس سه نخ(داخل کار کرکی)
رنگبندی:سفید/مشکی/طوسی روشن
فری سایز(عرض سینه64/قد77)
مناسب سایز های     M,L,XL,2XL



*پارچه محصول آبرفت ندارد و تل تل نمیشود
",0,1,2024-10-14 19:08:00,2024-10-14 19:14:30,,
37,,سوییتشرت (sweatshirt),670d0b5868fe9,"جنس:Tc (ضدآب)
رنگبندی:مشکی
فری سایز(عرض سینه63/قد77)",0,1,2024-10-14 19:17:22,2025-02-27 12:17:40,,
38,,سوییتشرت کوتاه(short sweatshirt),670d0da798da4,"جنس:tc
رنگبندی:سبز مایل به قهوه ای/مشکی
فری سایز(عرض سینه60/قد60)

",0,1,2024-10-14 19:27:09,2025-02-27 12:18:03,,
39,,هودی آستین کوتاه,670d1091e5925,"جنس:دورس سه نخ(داخل کار کرکی است)
رنگبندی:طوسی روشن/مشکی
فری سایز(عرض سینه63/قد78)


*پارچه از لحاظ کیفیت آبرفت ندارد و تل تل نمیشود",0,1,2024-10-14 19:39:59,2024-10-14 21:54:19,,
40,,کاپشن,670d30bf14a1b,"جنس:پافر
رنگبندی:کرم استخوانی/مشکی
سایز1(عرض سینه62/قد75)
سایز2(عرض سینه64/قد78)",0,1,2024-10-14 21:56:59,2024-12-10 20:42:23,,
41,,وست کتان,670d317031da7,"جنس:کتان(گرم بالا)
رنگبندی:خاکی/مشکی
فری سایز(عرض سینه64/قد70)


در گزینه انتخاب رنگ ،کرم همان رنگ خاکی است!!",0,1,2024-10-14 21:58:57,2025-11-11 17:32:36,,[]
42,,شلوارک کتان,670d330898cfc,"جنس:کتان
رنگبندی:خاکی/مشکی
سایز1(دورکمر 68 الی 85)
سایز2(دورکمر86 الی 110)


در انتخاب رنگ، کرم همان رنگ خاکی است!!",0,1,2024-10-14 22:06:34,2024-10-14 22:09:55,,
43,,بافت,670d3448e9076,"جنس:بافت(نرم است)
رنگبندی:کرم/مشکی
فری سایز(عرض سینه 63/قد 75)
",0,1,2024-10-14 22:11:15,2025-09-10 19:52:00,,
44,,کت جین,670d39e74dce5,"جنس:جین(گرم بالا)
رنگبندی:طوسی تیره/طوسی روشن
فری سایز(عرض سینه63/قد77)",0,1,2024-10-14 22:36:00,2024-10-14 22:40:09,,
45,,لانگ شرت,6710a4d9cd7e3,"جنس:غواصی(گرم بالا)
رنگبندی:مشکی/سفید
سایز1(عرض سینه61/قد75)
سایز2(عرض سینه63/قد80)


*آبرفت ندارد و تل تل نمیشود",0,1,2024-10-17 12:49:10,2024-10-29 14:04:19,,
46,,شلوار کبریتی,6710a6cc8688c,"جنس:کبریتی(لخت است)
رنگبندی:مشکی/ذغالی/کرم
سایز1(دورکمر68 الی85)
سایز2(دورکمر86 الی110)

هر دو سایز:
قد کار 110
دور ران 70",0,1,2024-10-17 12:57:19,2025-01-14 14:26:04,,
47,,کراپ کاپشن,671102b05b82f,"جنس:پافر
رنگبندی:کرم استخوانی/مشکی
فری سایز(عرض سینه60/قد60)",0,1,2024-10-17 19:28:37,2024-10-17 19:28:37,,
48,,کت چرم (leather jacket),671372b018936,"جنس:چرم
رنگ:مشکی
سایز1(عرض سینه61/قد73)
سایز2(عرض سینه63/قد78)

*quality پارچه بالاست ،ترک نمیخورد ،چروک نمیشود",0,1,2024-10-19 15:53:32,2025-09-11 19:21:24,,
49,,وست پافر,673075849e70a,"جنس:پافر
رنگبندی:کرم استخوانی/مشکی
فری سایز(عرض سینه63/قد73)",0,1,2024-11-10 15:58:40,2025-09-10 19:46:17,,
50,,بادی شرت(strech shirt),673da87068ba1,"رنگبندی:مشکی/سفید/سماقی/طوسی تیره
سایزبندی(s/m/L)
جنس:استرچ پنبه",0,1,2024-11-20 16:16:45,2024-11-20 16:27:21,,
51,,تیشرت کلاه دار,6762919b16178,"جنس:پنبه (گرم بالا)
تک رنگ
فری سایز(عرض سینه64/قد78)",0,1,2024-12-18 16:11:54,2024-12-18 16:11:54,,
52,,یقه شکاری *,6762e7c09bbaa,"جنس:لینن
رنگبندی:سفید/مشکی/آبی/طوسی روشن
فری سایز(عرض سینه 63/قد78)

پارچه سفید و مشکی آهار دار است
پارچه آبی و طوسی روشن ریزش دارد",0,0,2024-12-18 22:20:25,2024-12-18 22:54:44,,
53,,یقه ترکیبی,6762f05fa44c9,"جنس:بابوس
رنگبندی:مشکی/سفید
فری سایز(عرض سینه63/قد78)",0,1,2024-12-18 22:57:20,2024-12-18 23:00:48,,
54,,پیراهن چهارخانه طوسی,6762f1dfcea90,"جنس:لینن
تک رنگ
فری سایز(عرض سینه64/قد78)",0,1,2024-12-18 23:02:28,2024-12-18 23:07:26,,
55,,کت بلیزر,6762f3b08047c,"جنس:فاستونی
رنگبندی:قهوه ای
فری سایز(عرض سینه64/قد80)",0,1,2024-12-18 23:10:38,2024-12-18 23:10:38,,
56,,نیم زیپ ساده,6762f484128b5,"جنس:دورس پنبه(داخل کرکی)
رنگبندی:کرم استخوانی/مشکی/قهوه ای
فری سایز(عرص سینه63/قد78)",0,1,2024-12-18 23:14:09,2024-12-26 14:31:26,,
57,,هودی ساده,6762f7d0789f3,"جنس:دورس پنبه(داخل کرکی)
رنگبندی:مشکی/قهوه ای/کرم استخوانی
فری سایز(عرض سینه63/قد77)",0,1,2024-12-18 23:29:51,2024-12-26 14:31:52,,
58,,جاگر,6762fc2db1534,"جنس:دورس پنبه(داخل کرکی)
رنگبندی:مشکی/کرم استخوانی/قهوه ای
فری سایز(دورکمر68 الی110)
قد100",0,1,2024-12-18 23:46:52,2025-09-10 19:59:19,,
59,,ست هودی و جاگر,6763d52d9597e,"جاگر فقط رنگ قهوه ای موجود می‌باشد.
هودی در 3 رنگ",0,0,2024-12-19 15:11:39,2025-05-13 21:12:36,,
60,,اورکت long,6768463d90d0c,"جنس:فوتر (دورو کوبیده)
رنگبندی:قهوه ای/مشکی/طوسی روشن

سایز1(عرض شانه44/عرض سینه63/قد115)
سایز2(عرض شانه48/عرض سینه65/قد120)

قسمت سرشانه اپل کار شده
پشت کار چاک دارد",0,1,2024-12-23 00:05:43,2025-09-10 19:45:40,,
61,,بامبر جکت چرم,6773c09ddb4f7,"جنس:چرم مصنوعی
رنگبندی:مشکی/سبز ارتشی
فری سایز(عرض سینه63/قد74)",0,1,2024-12-31 17:02:26,2025-01-14 14:23:25,,
62,,پافر کلاه داره,6773caecca60f,"جنس:پافر
رنگبندی:طوسی خاکی روشن/مشکی
سایز1(عرض سینه61/قد70)
سایز2(عرض سینه64/قد75)

توجه:
رنگ اصلی پافر طوسی خاکی روشن ،عکس هایی هستند که خارج  از فضای استودیو گرفته شده اند
و برای انتخاب و خریداری به اسم رنگ خاکی میتوانید ثبت کنید🙏🏽



",0,1,2024-12-31 17:45:26,2025-09-10 19:42:34,,
63,,تست,67a279dd881f7,,0,0,2025-02-05 03:34:47,2025-04-19 14:10:50,,
64,,کت بلیزر 2025,67c367c6729ef,"جنس:فاستونی
رنگبندی:مشکی/طوسی
سایز1(عرض سینه62/قد75/عرض شانه47)
سایز2(عرض سینه64/قد80عرض شانه50)",0,1,2025-03-02 03:06:19,2025-09-06 09:40:26,,
65,,پیراهن چهارخانه کشمیر,67c3772b2d39a,"جنس:کشمیر
رنگبندی:مشکی/قهوه ای
فری سایز(عرص سینه64/قد78)",0,1,2025-03-02 04:09:13,2025-03-02 04:25:56,,
66,,کت اسپرت,67c37b702e32a,"جنس:کتان
رنگبندی:مشکی/سرمه ای
سایز1(عرض سینه 62/قد 70)
سایز2(عرض سینه 64/قد 75)",0,1,2025-03-02 04:38:55,2025-03-02 04:46:33,,
67,,پیراهن بیسیک 2025,67c3803e72b97,"جنس:کتان (گرم پایین مناسب بهار)
جنس رنگ سفید لینن هست!
رنگبندی:مشکی/سبز/سفید
فری سایز(عرض سینه 64/قد 78)
",0,1,2025-03-02 04:48:57,2025-03-02 12:03:26,,
68,,پیراهن طرح ,67c3e6a80b552,"جنس:کتان
رنگبندی:مشکی
فری سایز(عرض سینه 64/ قد 78)
سر شانه + آستین80",0,1,2025-03-02 12:06:49,2025-03-02 12:14:06,,
69,,پیراهن دوجیب پرسی,67c3e923cfcad,"جنس:لینن
رنگبندی:مشکی
فری سایز(عرض سینه63/قد78)",0,1,2025-03-02 12:16:22,2025-03-02 12:22:29,,
70,,پیراهن کنفی,67c3eb26b494e,"جنس:لینن کنفی
رنگبندی:سفید
فری سایز(هرض سینه63/قد78)",0,1,2025-03-02 12:23:38,2025-03-02 12:28:49,,
71,,تیشرت رگلان,67c3ed2948539,"جنس:دورس پنبه
تک رنگ (سفید)
فری سایز(عرض سینه64/قد77)",0,1,2025-03-02 12:32:42,2025-06-04 22:49:30,,
72,,تیشرت 24,67c3eebf5ab55,"جنس:دورس پنبه
رنگبندی: قهوه ای
فری سایز(عرض سینه64/قد77)
تنخور تمام تیشرت ها شبیه به هم است و فقط از لحاظ طراحی و رنگبندی متفاوت اند.",0,1,2025-03-02 12:39:16,2025-06-04 22:50:25,,
73,,تیشرت موهر ماستی,67c3f04d5c29d,"جنس:دورس پنبه
رنگبندی:سفید ماستی
فری سایز(عرض سینه64/قد77)",0,1,2025-03-02 12:45:58,2025-03-03 15:34:48,,
74,,تیشرت freedom,67c3f18ef2d4a,"جنس:دورس پنبه
رنگبندی:آبی نفتی
فری سایز(عرض سینه64/قد77)
",0,1,2025-03-02 12:51:16,2025-03-02 20:47:46,,
75,,تیشرت (بترسی باختی),67c3f3fc0af17,"جنس:دورس پنبه
رنگبندی:سفید
فری سایز(عرض سینه64/قد77)",0,1,2025-03-02 13:03:04,2025-03-02 20:48:11,,
76,,تیشرت life,67c3f5485c138,"جنس:دورس پنبه
رنگبندی:مشکی
فری سایز(عرض سینه64/قد77)
تنخثر تیشرت ها مشابه هم هستن و فقط در طراحی و رنگبندی متفاوت اند.",0,1,2025-03-02 13:10:08,2025-03-02 20:48:25,,
77,,شلوار لینن لخت,67c40369aa11e,"جنس:لینن
رنگبندی:مشکی/خاکی
سایز1(دورکمر68 الی85)
سایز2(دورکمر86 الی110)
قدکار 110
دور ران 70",0,1,2025-03-02 14:09:20,2025-03-02 14:17:33,,
78,,وست Tc,67c40619392e0,"جنس:Tc(ضد آب)
رنگبندی:مشکی
فری سایز(عرض سینه64/قد72)",0,1,2025-03-02 14:18:56,2025-03-02 14:25:14,,
79,,پیراهن لینن لخت,67c407f78db91,"جنس:لینن
رنگبندی:مشکی/خاکی
فری سایز(عرض سینه63/قد78)
",0,1,2025-03-02 14:26:38,2025-03-02 14:32:16,,
80,,عطر سی میل night bloom,67d1662fd8f05,"عطر night bloom(شکوفه شب)
رایحه ای متفاوت و ساخت برند موهر
خصوصیات
30 میل
یونیسکس(مناسب خانم ها و آقایان)
پخش بو تا 10 ساعت
ماندگاری بسیار بالا
ترکیب رایحه‌ها:

نت‌های اولیه: ترنج، فلفل صورتی، کندر، توت پیمنتو
نت‌های میانی: خس‌خس، پاپیروس، چوب صندل
نت‌های پایه: زعفران، جیر، میستیکال، چوب آکیگالاوود

این عطر در گروه بویایی چوبی-ادویه‌ای قرار دارد
به دلیل ماندگاری و پخش بوی بالا، گزینه‌ای ایده‌آل برای مراسم‌های رسمی و شبانه محسوب می‌شود
",0,1,2025-03-12 17:57:31,2025-08-29 10:04:39,,
81,,عطر پنجاه میل night bloom,67d169f7ae957,"عطر night bloom(شکوفه شب)
رایحه ای متفاوت و ساخت برند موهر
خصوصیات
50 میل
یونیسکس(مناسب خانم ها و آقایان)
پخش بو تا 10 ساعت
ماندگاری بسیار بالا
ترکیب رایحه‌ها:

نت‌های اولیه: ترنج، فلفل صورتی، کندر، توت پیمنتو
نت‌های میانی: خس‌خس، پاپیروس، چوب صندل
نت‌های پایه: زعفران، جیر، میستیکال، چوب آکیگالاوود

این عطر در گروه بویایی چوبی-ادویه‌ای قرار دارد
به دلیل ماندگاری و پخش بوی بالا، گزینه‌ای ایده‌آل برای مراسم‌های رسمی و شبانه محسوب می‌شود
",0,1,2025-03-12 18:04:14,2025-03-13 13:50:38,,
82,,(Slap shirt F (blue ,68491f83b2d0f,"جنس: لینن اسلپ
رنگ: آبی آسمانی

فری سایز (سایز های 36 الی 44)
قد جلو 70
قد پشت 75
عرض سینه 60",0,1,2025-06-11 09:58:39,2025-07-01 08:56:53,,
83,,(Slap shirt F (yellow ,6849241d10d09,"جنس: لینن اسلپ
رنگ: زرد کره ای

فری سایز (سایز های 36 الی 44)
قد جلو 70
قد پشت 75
عرض سینه 60",0,1,2025-06-11 10:17:31,2025-06-11 10:46:42,,
84,,(Slap shirt F (white ,6849271055b4f,"جنس: لینن اسلپ
رنگ: سفید

فری سایز (سایز های 36 الی 44)
قد جلو 70
قد پشت 75
عرض سینه 60",0,1,2025-06-11 10:21:11,2025-06-11 10:47:12,,
85,,(Slap shirt F (pink,6849280bbdb87,"جنس: لینن اسلپ
رنگ: صورتی پاستلی

فری سایز (سایز های 36 الی 44)
قد جلو 70
قد پشت 75
عرض سینه 60",0,1,2025-06-11 10:28:30,2025-06-11 10:32:52,,
86,,(Slap shirt F (green,68492a2228f49,"جنس: لینن اسلپ
رنگ: سبز ارتشی

فری سایز (سایز های 36 الی 44)
قد جلو 70
قد پشت 75
عرض سینه 60",0,1,2025-06-11 10:33:51,2025-06-11 10:37:50,,
87,,(Slap shirt F (navy,68492b4a898dc,"جنس: لینن اسلپ
رنگ: سرمه ای

فری سایز (سایز های 36 الی 44)
قد جلو 70
قد پشت 75
عرض سینه 60",0,1,2025-06-11 10:39:45,2025-06-11 10:43:02,,
88,,(Slap shirt F (black,68492c8274bd1,"جنس: لینن اسلپ
رنگ: مشکی

فری سایز (سایز های 36 الی 44)
قد جلو 70
قد پشت 75
عرض سینه 60",0,1,2025-06-11 10:44:10,2025-06-14 21:58:37,,
89,,Crop oxford shirt,68492d967fd0b,"جنس: لینن
رنگ: آبی راه راه

فری سایز (سایز های 36 الی 44)
قد پشت و جلو 53
عرض سینه 58",0,1,2025-06-11 10:53:09,2025-06-11 10:56:09,,
90,,Striped red shirt F,68492f9c3e72f,"جنس: لینن
رنگ: قرمر راه راه

فری سایز ( سایز های 36 الی 44)
قد پشت و جلو 75
عرض سینه 63",0,1,2025-06-11 11:01:42,2025-06-11 11:01:42,,
91,,Striped gray shirt F,684931ca64c6f,"جنس:لینن
رنگ: طوسی راه راه

فری سایز ( سایزهای 36 الی44)
قد پشت و جلو 75
عرض سینه63",0,1,2025-06-11 11:07:19,2025-06-11 11:16:27,,
92,,(Camp collar shirt F (black,6849345974a09,"جنس: لینن تیت
رنگ : مشکی

فری سایز(xs الی 2xl)
قد کار 73
عرض سینه 68",0,1,2025-06-11 11:24:05,2025-06-11 11:48:15,,
93,,(Camp collar shirt F (white,68493bd9d9107,"جنس:لینن تیت
رنگ: سفید

فری سایز(سایز های xs الی 2xl)
قد کار 73
عرض سینه68",0,1,2025-06-11 11:50:27,2025-06-11 11:53:25,,
94,,Harir F,68493d07bb15f,"جنس:حریر
رنگ : مشکی

فری سایز( سایز های 36 الی44)
عرض سینه 60
قد جلو 70
قد پشت 75",0,1,2025-06-11 11:54:59,2025-06-11 12:06:59,,
95,,Slap shirt m (blue),684dbfdccb27c,"جنس:لینن اسلپ
رنگ: آبی آسمانی

فری سایز(m,l,xl,2xl)
قد کار77
عرض 63",0,1,2025-06-14 22:04:26,2025-08-09 09:49:42,,
96,,Slap shirt m (white),684dc206bc576,"جنس:لینن اسلپ
رنگ: سفید

فری سایز(m,l,xl,2xl)
قد کار77
عرض 63",0,1,2025-06-14 22:10:51,2025-06-14 22:19:00,,
97,,(Slap shirt m (black,684dc30d58073,"جنس:لینن اسلپ
رنگ: مشکی

فری سایز(m,l,xl,2xl)
قد کار77
عرض 63",0,1,2025-06-14 22:15:17,2025-06-14 22:18:33,,
98,,(Slap shirt m (navy,684dc429d4320,"جنس:لینن اسلپ
رنگ: سرمه ای

فری سایز(m,l,xl,2xl)
قد کار77
عرض 63",0,1,2025-06-14 22:20:14,2025-06-14 22:30:44,,
99,,(Slap shirt m (yellow ,684dc6fc48516,"جنس:لینن اسلپ
رنگ: زرد کره ای

فری سایز(m,l,xl,2xl)
قد کار77
عرض 63",0,1,2025-06-14 22:40:09,2025-06-14 22:42:37,,
100,,(Slap shirt m (green,684dc9ae16946,"جنس:لینن اسلپ
رنگ: سبز

فری سایز(m,l,xl,2xl)
قد کار77
عرض 63",0,1,2025-06-14 22:43:34,2025-06-14 22:47:28,,
101,,(Slap shirt m (pink,684dcad0aab17,"جنس:لینن اسلپ
رنگ: صورتی پاستلی

فری سایز(m,l,xl,2xl)
قد کار77
عرض 63",0,1,2025-06-14 22:48:19,2025-06-14 22:51:32,,
102,,Oxford shirt m,684dcbcfcc893,"جنس:لینن
رنگ: آبی

فری سایز(m,l,xl,2xl)
قد کار77
عرض 63",0,1,2025-06-14 22:52:31,2025-06-14 22:56:15,,
103,,Striped red shirt M,684dcd2c7e6ae,"جنس: لینن
رنگ: قرمر راه راه

فری سایز ( m,l,xl,2xl)
قد پشت و جلو 75
عرض سینه 63",0,1,2025-06-14 22:58:33,2025-06-14 23:02:21,,
104,,Striped gray shirt M,684dceb41eec2,"جنس: لینن
رنگ: طوسی راه راه

فری سایز ( m,l,xl,2xl)
قد پشت و جلو 75
عرض سینه 63",0,1,2025-06-14 23:04:46,2025-06-14 23:11:05,,
105,,Camp collar shirt M,684dd0dc2928e,"جنس: لینن تیت
رنگ : مشکی

فری سایز(m,l,xl,2xl)
قد کار 73
عرض سینه 68",0,1,2025-06-14 23:14:25,2025-06-14 23:17:43,,
106,,(Box shirt M (blue,684dd5133909f,"جنس:لینن اسلپ
رنگ: آبی آسمانی

فری سایز(m,l,xl,2xl)
عرض سینه63
قد 75",0,1,2025-06-14 23:38:07,2025-06-14 23:38:07,,
107,,(Box shirt M (green,684dd7473b96f,"جنس: لینن اسلپ
رنگ : سبز

فری سایز(m,l,xl,2xl)
قد کار 75
عرض سینه 63",0,1,2025-06-14 23:42:21,2025-06-14 23:42:21,,
108,,(Box shirt M (navy,684dd8d591641,"جنس: لینن اسلپ
رنگ : سرمه ای

فری سایز(m,l,xl,2xl)
قد کار 75
عرض سینه 63",0,1,2025-06-14 23:58:25,2025-06-14 23:58:25,,
109,,(Box shirt M (white,684e615f66491,"جنس: لینن اسلپ
رنگ : سفید

فری سایز(m,l,xl,2xl)
قد کار 75
عرض سینه 63",0,1,2025-06-15 09:30:33,2025-06-15 09:36:18,,
110,,(Box shirt M (black,684e6307a7925,"جنس: لینن اسلپ
رنگ : مشکی

فری سایز(m,l,xl,2xl)
قد کار 75
عرض سینه 63",0,1,2025-06-15 09:40:02,2025-06-15 09:45:17,,
111,,(Dust pants M (cream,684e67b36282b,"جنس:لینن نچرال
رنگ :کرم استخوانی

سایز 1 (XS,S)
سایز 2 (M,L)
سایز 3(XL,2XL)
قد کار ها 110 هست

❗️راهنمای سایز اسلاید آخر❗️
",0,1,2025-06-15 10:18:28,2025-06-15 10:44:57,,
112,,(Dust pants M (black,684e6e536b845,"جنس:لینن نچرال
رنگ :مشکی

سایز 1 (XS,S)
سایز 2 (M,L)
سایز 3(XL,2XL)
قد کار ها 110 هست

❗️راهنمای سایز اسلاید آخر❗️
",0,1,2025-06-15 10:26:11,2025-06-15 10:40:46,,
113,,(Dust pants M( nescafe,684e6f6b14cf7,"جنس:لینن نچرال
رنگ :نسکافه ای

سایز 1 (XS,S)
سایز 2 (M,L)
سایز 3(XL,2XL)
قد کار ها 110 هست

❗️راهنمای سایز اسلاید آخر❗️
",0,1,2025-06-15 10:32:44,2025-06-15 10:39:51,,
114,,(Mom pants M (cream,684e74176a32e,"جنس:لینن نچرال
رنگ :کرم استخوانی

سایز1  ( xs,s,m)
سایز 2 (l,xl,2xl)
قد کار ها 95 هست

❗️راهنمای سایز اسلاید آخر❗️
",0,1,2025-06-15 10:55:34,2025-06-15 11:18:50,,
115,,(Mom pants M (black,684e765e7df39,"جنس:لینن نچرال
رنگ :مشکی

سایز1  ( xs,s,m)
سایز 2 (l,xl,2xl)
قد کار ها 95 هست

❗️راهنمای سایز اسلاید آخر❗️
",0,1,2025-06-15 11:07:37,2025-06-15 11:14:53,,
116,,(Nimo pants M (black,684e7b01176ff,"جنس:لینن
رنگ :مشکی

فری سایز(کمر شلوار قابل تنظیم است)
قد110
",0,1,2025-06-15 11:22:34,2025-06-15 11:45:43,,
117,,(Nimo pants M (white,684e7bc254c79,"جنس:لینن
رنگ : سفید

فری سایز(کمر شلوار قابل تنظیم)
قد110",0,1,2025-06-15 11:23:54,2025-06-15 11:26:54,,
118,,Nimo striped gray M,684e814c2087a,"جنس:لینن
رنگ :راه راه طوسی


فری سایز(کمر شلوار قابل تنظیم)
فد شلوار 110",0,1,2025-06-15 11:49:23,2025-06-15 12:04:41,,
119,,Striped short red,684e869269407,"جنس:لینن تیت
رنگ: قرمز راه راه


فری سایز(از xs تا 2xl)
قد 50
",0,1,2025-06-15 12:22:10,2025-10-23 12:53:17,,
120,,Striped short gray,684e8af68a65d,"جنس:لینن تیت
رنگ: طوسی راه راه


فری سایز(از xs تا 2xl)
قد 50
",0,1,2025-06-15 12:28:24,2025-06-15 12:28:24,,
121,,Basic short,684e8c45a3115,"جنس:لینن
رنگبندی: مشکی /سفید/کرم استخوانی/خاکی

فری سایز(xs الی 2xl)
قد 50",0,1,2025-06-15 12:34:20,2025-06-15 13:30:27,,
122,,(Tank top(white,684e99c3b029c,"جنس:نخ پنبه میله ای
رنگبندی:سفید

سایزبندی(M,L,xl,2xl)
",0,1,2025-06-15 13:33:39,2025-06-15 13:46:41,,
123,,(Tank top (black,684e9bbf0ef42,"جنس :نخ پنبه
رنگ :مشکی

سایز(M,L,Xl,2xl)
",0,1,2025-06-15 13:39:57,2025-06-15 13:45:34,,
124,,Striped pants F,684ea8e44b612,"جنس:لینن
رنگ:طوسی راه راه

فری سایز(کمر قابل تنظیم)
قد 110",0,1,2025-06-15 14:40:18,2025-06-15 14:44:50,,
125,,(Everyday pants F (cream,684eab461c749,"جنس:لینن نچرال
رنگ:کرم استخوانی

سایز1(36،38)
سایز2(40،42)
سایز3(44،46)
قد کار 110",0,1,2025-06-15 14:48:28,2025-06-15 15:06:43,,
126,,(Everday pants F (black,684eaeed7faaf,"جنس:لینن نچرال
رنگ:مشکی

سایز1(36،38)
سایز2(40،42)
سایز3(44،46)
قد کار 110",0,1,2025-06-15 15:01:46,2025-06-15 15:05:36,,
127,,(Everyday pants F (nescafe,684ed8e22f73c,"جنس:لینن نچرال
رنگ:نسکافه ای

سایز1(36،38)
سایز2(40،42)
سایز3(44،46)
قد کار 110",0,1,2025-06-15 18:01:02,2025-06-15 18:44:47,,
128,,(Nimo pants F (white,684ee38d183f7,"جنس:لینن
رنگ :سفید


فری سایز(کمر شلوار قابل تنظیم است)
قد110",0,1,2025-06-15 18:46:28,2025-06-15 18:50:39,,
129,,(Nimo pants F (black,684ee4ff78539,"جنس:لینن
رنگ :مشکی


فری سایز(کمر شلوار قابل تنظیم است)
قد110",0,1,2025-06-15 18:52:25,2025-08-20 16:56:40,,
130,,(Mom pants F (cream,68500873c08e6,"جنس:لینن نچرال
رنگ: کرم استخوانی

فری سایز(سایز های 36 الی 46)
قد 93
",0,1,2025-06-16 15:36:48,2025-06-16 15:39:58,,
131,,(Mom pants (black,6850099d4e3cd,"جنس:لینن نچرال
رنگ:مشکی


فری سایز(سایز های 36 الی 46)
قد 93
",0,1,2025-06-16 15:41:54,2025-06-16 15:45:19,,
132,,(Cargo pants F (green,68500b0f49cca,"جنس:کتان tc
رنگ: سبز


فری سایز(36الی 46)
قد 107
",0,1,2025-06-16 15:47:45,2025-06-16 15:49:33,,
133,,(Cargo pants F (black,68500bed00841,"جنس:کتان tc
رنگ: مشکی


فری سایز(36الی 46)
قد 107
",0,1,2025-06-16 15:50:42,2025-06-16 15:52:19,,
134,,(Cargo pants M (black,68500d3e8b5ff,"جنس:کتان tc
رنگ:مشکی


فری سایز(m ,l,xl,2xl)
قد 110",0,1,2025-06-16 15:57:03,2025-06-16 16:07:26,,
135,,(Cargo pants (green,6850100ead84c,"جنس:کتان tc
رنگ:سبز


فری سایز(m ,l,xl,2xl)
قد 110",0,1,2025-06-16 16:08:32,2025-06-16 16:10:28,,
136,,Crop top,685cdc66eb712,"جنس:ریون پنبه
رنکبندی: طوسی/ سفید/مشکی

سایز بندی :
سایز 1(xs,s)
سایز2(M,l)

برای دیدن تنخور این کار به پیج اینستاگرام دایرکت دهید🙏🏽",0,1,2025-06-26 09:07:46,2025-06-26 09:15:03,,
137,,Keshmir shirt F(navy),68df5f9ab9af1,"جنس:کشمیر(پشمی)
رنگ:سرمه ای
فری سایز(عرض سینه58/قدپشت75/قدجلو70)",0,1,2025-10-03 09:01:06,2025-10-03 09:14:58,,
138,,Keshmir shirt F(gray),68df62df9e7b8,"جنس:کشمیر(پشمی)
رنگ:طوسی 
فری سایز(عرض سینه58/قدپشت75/قدجلو70)",0,1,2025-10-03 09:15:03,2025-10-03 09:25:49,,
139,,Cotton shirt F (black),68df6439ca6e2,"جنس:کتان
رنگ:مشکی
فری سایز(عرض سینه58/قدپشت75/قدجلو70)",0,1,2025-10-03 09:20:49,2025-10-03 09:24:53,,
140,,Cotton shirt F(brown),68df6569e40d3,"جنس:کتان
رنگ:قهوه ای
فری سایز(عرض سینه58/قدپشت75/قدجلو70)",0,1,2025-10-03 09:25:53,2025-10-03 09:41:30,,
141,,Leather jacket F (brown),68df66bec717b,"جنس:چرم مصنوعی
رنگ:قهوه ای
فری سایز(عرض سینه 58/قد 55)",0,1,2025-10-03 09:31:34,2025-10-03 09:42:08,,
142,,Leather jacket F(black),68df693d45e40,"جنس:چرم مصنوعی
رنگ:مشکی
فری سایز(عرض سینه 58/قد 55)",0,1,2025-10-03 09:42:13,2025-10-03 09:49:24,,
143,,Casual overcoat F(gray),68df71ad1d24b,"جنس:فوتر
رنگ:طوسی
فری سایز(عرض سینه 64/قد110)

قد مدل 173 و سایز 38",0,1,2025-10-03 10:18:13,2025-10-05 01:20:56,,
144,,Casual overcoat F(Nescafe),68df730fa7222,"جنس:فوتر
رنگ:نسکافه ای
فری سایز(عرض سینه 64/قد110)

قد مدل 173 و سایز 38",0,0,2025-10-03 10:24:07,2025-10-03 10:34:02,,
145,,Casual overcoat F(black),68df75a80d36a,"جنس:فوتر
رنگ:مشکی
فری سایز(عرض سینه 64/قد110)

قد مدل 173 و سایز 38",0,1,2025-10-03 10:35:12,2025-10-03 10:38:39,,
146,,Paecoat F(nescafe),68df767e6bcbe,"جنس:فوتر
رنگ:نسکافه ای
فری سایز(عرض سینه 60/قد55)

قد مدل 173 و سایز 38",0,1,2025-10-03 10:38:46,2025-10-03 10:47:44,,
147,,Paecoat F(black),68df78a4c078c,"جنس:فوتر
رنگ:مشکی
فری سایز(عرض سینه 60/قد55)

قد مدل 173 و سایز 38",0,1,2025-10-03 10:47:56,2025-10-03 10:49:03,,
148,,Trench coat F(begie),68df7972a4684,"جنس:کتان tc(ضد آب)
رنگ:بژ
فری سایز(عرض سینه 64/قد120)

قد مدل 173 و سایز38",0,1,2025-10-03 10:51:22,2025-10-03 10:56:35,,
149,,Trench coat F(black),68df7aed24202,"جنس:کتان tc(ضد آب)
رنگ:مشکی
فری سایز(عرض سینه 64/قد120)

قد مدل 173 و سایز38",0,1,2025-10-03 10:57:41,2025-10-03 10:58:19,,
150,,Cropped trench coat(begie),68dfc2fec936b,"جنس:کتان tc (ضد آب)
رنگ:بژ
فری سایز(عرض سینه58/قد57)

قدمدل173و سایز38",0,1,2025-10-03 16:05:10,2025-10-03 16:15:30,,
151,,Cropped trench coat(black),68dfc56f6314c,"جنس:کتان tc (ضد آب)
رنگ:مشکی
فری سایز(عرض سینه58/قد57)

قدمدل173و سایز38",0,1,2025-10-03 16:15:35,2025-10-03 16:19:23,,
152,,Denim coat F,68dfc6aa8c5aa,"جنس:جین
رنگ:سرمه ای
فری سایز(عرض سینه58/قد57)

قد مدل 173 و سایز 38",0,1,2025-10-03 16:20:50,2025-10-03 16:37:59,,
153,,Pollar shirt F(cream),68dfcab602850,"جنس:پولار
رنگ:کرم
فری سایز(عرض سینه64/قد73)

قد173 و سایز38",0,1,2025-10-03 16:38:06,2025-10-04 23:38:32,,
154,,Pollar shirt F(navy),68dffc24b54ce,"جنس:پولار
رنگ:سرمه ای
فری سایز(عرض سینه64/قد73)

قد173 و سایز38",0,1,2025-10-03 20:09:00,2025-10-04 23:39:15,,
155,,Pollar shirt F(green),68dffd18c05a3,"جنس:پولار
رنگ:سبز
فری سایز(عرض سینه64/قد73)

قد173 و سایز38",0,1,2025-10-03 20:13:04,2025-10-04 23:38:05,,
156,,Pollar shirt F(black),68dffdcf6b734,"جنس:پولار
رنگ:مشکی
فری سایز(عرض سینه64/قد73)

قد173 و سایز38",0,1,2025-10-03 20:16:07,2025-10-04 23:39:37,,
157,,Limited overcoat F(gray),68dfff6d3e9b3,"جنس:فوتر
رنگ:طوسی
فری سایز(عرض سینه60/عرض شانه46/قد115)

قد مدل173 و سایز 38",0,1,2025-10-03 20:23:01,2025-10-11 14:00:16,,
158,,Limited overcoat F(black),68e00339b86b3,"جنس:فوتر
رنگ:مشکی
فری سایز(عرض سینه60/عرض شانه46/قد115)

قد مدل173 و سایز 38",0,1,2025-10-03 20:39:13,2025-10-11 14:00:31,,
159,,Limited overcoat F(nescafe),68e00c08169b2,"جنس:فوتر
رنگ:نسکافه ای
فری سایز(عرض سینه60/عرض شانه46/قد115)

قد مدل173 و سایز 38",0,1,2025-10-03 21:16:48,2025-10-11 14:00:45,,
160,,Cotton shirt M(black),68e00ee21fef7,"جنس:کتان
رنگ:مشکی
فری سایز(عرض سینه64/قد77)
مناسب سایز های(m ،l,xl,2xl)

قد مدل188

",0,1,2025-10-03 21:28:58,2025-10-03 22:12:17,,
161,,Cotton shirt M(brown),68e0105744480,"جنس:کتان
رنگ:قهوه ای
فری سایز(عرض سینه64/قد77)
مناسب سایز های(m ،l,xl,2xl)

قد مدل188
",0,1,2025-10-03 21:35:11,2025-10-03 22:12:46,,
162,,Keshmir shirt M(gray),68e0110668b0f,"جنس:کشمیر
رنگ:طوسی
فری سایز(عرض سینه64/قد77)
مناسب سایز های(m ،l,xl,2xl)

قد مدل188
",0,1,2025-10-03 21:38:06,2025-10-04 23:06:49,,
163,,Keshmir shirt M((navy),68e011d00efe3,"جنس:کشمیر
رنگ:سرمه ای
فری سایز(عرض سینه64/قد77)
مناسب سایز های(m ،l,xl,2xl)

قد مدل188
",0,1,2025-10-03 21:41:28,2025-10-04 23:09:10,,
164,,Leather jacket M(brown),68e0123fed3e2,"جنس:چرم مصنوعی
رنگ:قهوه ای
فری سایز(عرض سینه64/قد73)
مناسب سایز های(m ،l,xl,2xl)

قد مدل188
",0,1,2025-10-03 21:43:19,2025-10-03 22:15:34,,
165,,Leather jacket M(black),68e012f682232,"جنس:چرم مصنوعی
رنگ:مشکی
فری سایز(عرض سینه64/قد73)
مناسب سایز های(m ،l,xl,2xl)

قد مدل188
",0,1,2025-10-03 21:46:22,2025-10-04 23:05:27,,
166,,Trench coat M(begie),68e0136d41e0d,"جنس:کتان tc (ضد آب)
رنگ:بژ
فری سایز(عرض سینه64/قد120)
مناسب سایز های(m ،l,xl,2xl)

قد مدل188
",0,1,2025-10-03 21:48:21,2025-10-03 22:14:23,,
167,,Trench coat M (black),68e01521b0cc8,"جنس:کتان tc (ضد آب)
رنگ:مشکی
فری سایز(عرض سینه64/قد120)
مناسب سایز های(m ،l,xl,2xl)

قد مدل188
",0,1,2025-10-03 21:55:37,2025-10-04 23:13:24,,
168,,Pocket coat (black),68e0157d48099,"جنس:فوتر
رنگ:مشکی
فری سایز(عرض سینه64/قد73)
مناسب سایز های(m ،l,xl,2xl)

قد مدل188
",0,1,2025-10-03 21:57:09,2025-10-03 22:17:40,,
169,,Pocket coat M(gray),68e0184f64010,"جنس:فوتر
رنگ:طوسی
فری سایز(عرض سینه64/قد73)
مناسب سایز های(m ،l,xl,2xl)

قد مدل188
",0,1,2025-10-03 22:09:11,2025-10-03 22:11:18,,
170,,Waterproof hoodie M(blue),68e0213dae6cb,"جنس:کتان tc(ضد آب)
رنگ : آبی 
فری سایز:عرض سینه63/قد73)
مناسب سایز های(m,l,xl,2xl)

قد مدل 188",0,1,2025-10-03 22:47:17,2025-10-11 11:16:16,,
171,,Waterproof hoodie M(black),68e0238f35d28,"جنس:کتان tc(ضد آب)
رنگ : مشکی
فری سایز:عرض سینه63/قد73)
مناسب سایز های(m,l,xl,2xl)

قد مدل 188",0,1,2025-10-03 22:57:11,2025-10-11 11:15:54,,
172,,Pollar shirt M( black),68e17b7e0b10a,"جنس:پولار
رنگ: مشکی
فری سایز(عرض سینه64/قد74)
مناسب سایز های(m,l,xl,2xl)

قد مدل 188",0,1,2025-10-04 23:24:38,2025-10-04 23:40:08,,
173,,Pollar shirt M(cream),68e17df38c6f0,"جنس:پولار
رنگ: کرم
فری سایز(عرض سینه64/قد74)
مناسب سایز های(m,l,xl,2xl)

قد مدل 188",0,1,2025-10-04 23:35:07,2025-10-04 23:37:20,,
174,,Pollar shirt M(green),68e180442d06c,"جنس:پولار
رنگ: سبز
فری سایز(عرض سینه64/قد74)
مناسب سایز های(m,l,xl,2xl)

قد مدل 188",0,1,2025-10-04 23:45:00,2025-10-04 23:46:44,,
175,,Pollar shirt M (navy),68e180b35d6e0,"جنس:پولار
رنگ: سرمه ای
فری سایز(عرض سینه64/قد74)
مناسب سایز های(m,l,xl,2xl)

قد مدل 188",0,1,2025-10-04 23:46:51,2025-10-04 23:48:38,,
176,,Limited overcoat M(gray),68e181b612242,"جنس:فوتر
رنگ: طوسی
سایز1(عرض سینه62/قد120/عرض شانه46)
سایز2(عرض سینه64/قد120/عرض شانه 50)

*قسمت شانه ها اپل کار شده


قد مدل 188",0,1,2025-10-04 23:51:10,2025-10-05 00:41:40,,
177,,Limited overcoat M(black),68e18b0904c57,"جنس:فوتر
رنگ: مشکی
سایز1(عرض سینه62/قد120/عرض شانه46)
سایز2(عرض سینه64/قد120/عرض شانه 50)

*قسمت شانه ها اپل کار شده


قد مدل 188",0,1,2025-10-05 00:30:57,2025-10-11 13:59:17,,
178,,Limited overcoat M(nescafe),68e18c85d086a,"جنس:فوتر
رنگ: نسکافه ای
سایز1(عرض سینه62/قد120/عرض شانه46)
سایز2(عرض سینه64/قد120/عرض شانه 50)

*قسمت شانه ها اپل کار شده


قد مدل 188",0,1,2025-10-05 00:37:17,2025-10-11 13:59:58,,
179,,Casual overcoat M(black),68e18e802d80f,"جنس:فوتر
رنگ: مشکی
فری سایز(عرض سینه64/قد110)
مناسب سایز های(m,l,xl,2xl)


قد مدل 188",0,1,2025-10-05 00:45:44,2025-10-05 00:50:22,,
180,,Casual overcoat M(gray),68e18f9cb0388,"جنس:فوتر
رنگ: طوسی
فری سایز(عرض سینه64/قد110)
مناسب سایز های(m,l,xl,2xl)


قد مدل 188",0,1,2025-10-05 00:50:28,2025-10-05 00:52:45,,
181,,Casual overcoat M (nescafe),68e1902bae177,"جنس:فوتر
رنگ: نسکافه ای
فری سایز(عرض سینه64/قد110)
مناسب سایز های(m,l,xl,2xl)


قد مدل 188",0,1,2025-10-05 00:52:51,2025-10-11 14:02:38,,
182,,Denim coat M,68e196d5c5bbe,"جنس:جین
رنگ:سرمه ای
فری سایز(عرض سینه63/قد73)
مناسب سایزهای(m,l,xl,2xl)

قد188",0,1,2025-10-05 01:21:17,2025-10-05 01:26:35,,
183,,Waterproof hoodie F(blue),68e1985f69ff1,"جنس:کتان tc (ضد آب)
رنگ:آبی
فری سایز(عرض سینه 63/قد 73)

قد مدل 173",0,1,2025-10-05 01:27:51,2025-10-05 01:36:52,,
184,,Waterproof hoodie F(black),68e19a8233619,"جنس:کتان tc (ضد آب)
رنگ:مشکی
فری سایز(عرض سینه63/قد73)

قد مدل173",0,1,2025-10-05 01:36:58,2025-10-05 01:47:18,,
185,,Mazerati pants M(brown),68e19d1178558,"جنس:مازراتی
رنگ :قهوه ای
سایز1(دورکمر72 الی90)
سایز2(دورکمر85 الی110)
قد 110",0,1,2025-10-05 01:47:53,2025-10-05 01:55:51,,
186,,Mazerati pants M (black),68e19ea256e49,"جنس:مازراتی
رنگ :قهوه ای
سایز1(دورکمر72 الی90)
سایز2(دورکمر85 الی110)
قد 110",0,1,2025-10-05 01:54:34,2025-10-05 02:01:36,,
187,,Kebrit pants M (black),68e1a04d75ca0,"جنس:مخمل کبریتی
رنگ:مشکی
سایز1(دورکمر72الی 90)
سایز2(دوکمر 86 الی110)
قد 110
",0,1,2025-10-05 02:01:41,2025-10-05 09:45:20,,
188,,Kebrit pants M (cream),68e20cfd3c465,"جنس:مخمل کبریتی
رنگ: کرم
سایز1(دورکمر72 الی90)
سایز2(دورکمر85 الی110)
قد کار 110

قد مدل 188",0,1,2025-10-05 09:45:25,2025-10-05 09:50:16,,
189,,Kebrit pants M (green),68e20e23d24ed,"جنس:مخمل کبریتی
رنگ: سبز
سایز1(دورکمر72 الی90)
سایز2(دورکمر85 الی110)
قد کار 110

قد مدل 188",0,1,2025-10-05 09:50:19,2025-10-05 09:52:16,,
190,,Mouher shawl,68e22ba74c44e,"جنس:موهر
رنگ:مشکی/سرمه ای/کرم/قهوه ای/قرمز/سبز

*این محصول جنسیت ندارد(unisex)

فری سایز(ابعاد",0,1,2025-10-05 11:56:15,2025-10-13 09:13:44,,
191,,gloves M,68e22e7cac5f4,"جنس رویه :کتان tc(ضد آب)
جنس داخل:پولار تدی
رنگبندی:مشکی/طوسی/سبز/نسکافه ای

روی انگشت اشاره محصول باز میشود(برای کار با تلفن همراه)
*محصول مناسب آقایان هست",0,1,2025-10-05 12:08:20,2025-10-05 23:14:43,,