id,sku,product_id,description,size,color,price,discount,stock,is_visible,created_at,updated_at
7,,3,,100011,1,1480000,0,0,1,2024-02-26 16:28:09,2025-09-20 12:07:20
8,,1,,100010,1,3680000,0,0,0,2024-02-28 15:14:57,2025-10-26 07:26:39
9,,1,,100009,1,3680000,0,0,0,2024-02-28 15:15:30,2025-10-26 07:26:41
10,,1,,100010,94,2680000,0,0,0,2024-02-28 15:15:58,2025-09-20 12:07:20
11,,1,,100009,94,2680000,0,0,0,2024-02-28 15:16:21,2025-09-20 12:07:20
12,,2,,100010,1,2280000,0,0,1,2024-02-28 15:28:03,2025-10-26 07:26:48
13,,2,,100009,1,2280000,0,0,1,2024-02-28 15:28:37,2025-10-26 07:26:50
14,,2,,100010,94,2280000,0,0,1,2024-02-28 15:28:57,2025-10-26 07:26:52
15,,2,,100009,94,2280000,0,0,1,2024-02-28 15:29:16,2025-10-26 07:26:54
16,,3,,100011,1,1480000,0,0,1,2024-02-29 18:50:52,2025-09-20 12:07:20
17,,6,,100011,1,1180000,0,0,1,2024-03-02 12:17:21,2025-09-20 12:07:20
18,,6,,100011,2,1180000,0,20,1,2024-03-02 12:17:44,2025-09-20 12:07:20
19,,7,,100011,1,1980000,0,5,1,2024-03-02 12:42:37,2025-10-27 11:59:48
20,,7,,100011,6,1980000,0,0,0,2024-03-02 12:43:04,2025-09-20 12:07:20
21,,8,,100010,1,1180000,0,0,1,2024-03-02 13:07:35,2025-09-20 12:07:20
22,,8,,100009,1,1180000,0,0,1,2024-03-02 13:07:56,2025-09-20 12:07:20
23,,8,,100010,2,1180000,0,0,1,2024-03-02 13:08:17,2025-09-20 12:07:20
24,,8,,100009,2,1180000,0,0,1,2024-03-02 13:08:37,2025-09-20 12:07:20
25,,9,,100011,4,1100000,0,0,1,2024-03-02 13:14:25,2025-09-20 12:07:20
26,,11,,100010,1,1380000,0,0,0,2024-03-03 12:35:55,2025-09-20 12:07:20
27,,11,,100009,2,1380000,0,0,0,2024-03-03 12:36:15,2025-09-20 12:07:20
28,,12,,100010,1,1280000,0,2,1,2024-03-03 13:40:12,2025-09-20 12:07:20
29,,12,,100009,2,1280000,0,0,1,2024-03-03 13:40:30,2025-09-20 12:07:20
30,,12,,100011,4,1280000,0,0,1,2024-03-03 13:40:49,2025-09-20 12:07:20
31,,12,,100011,6,1280000,0,0,1,2024-03-03 13:42:20,2025-09-20 12:07:20
32,,13,,100010,1,1180000,0,0,0,2024-03-03 13:49:03,2025-09-20 12:07:20
33,,13,,100009,1,1180000,0,0,0,2024-03-03 13:49:23,2025-09-20 12:07:20
34,,13,,100010,2,1180000,0,0,0,2024-03-03 13:49:39,2025-09-20 12:07:20
35,,13,,100009,2,1180000,0,0,0,2024-03-03 13:50:00,2025-09-20 12:07:20
36,,14,,100010,1,1780000,0,0,0,2024-03-03 14:22:12,2025-09-20 12:07:20
37,,14,,100009,1,1780000,0,0,0,2024-03-03 14:22:33,2025-09-20 12:07:20
38,,14,,100010,2,1780000,0,4,0,2024-03-03 14:22:51,2025-09-20 12:07:20
39,,14,,100009,2,1780000,0,4,0,2024-03-03 14:23:10,2025-09-20 12:07:20
40,,15,,100010,1,2780000,0,25,1,2024-03-03 14:38:23,2025-09-20 12:07:20
41,,15,,100009,1,2780000,0,27,1,2024-03-03 14:38:43,2025-09-20 12:07:20
42,,15,,100010,6,2780000,0,10,1,2024-03-03 14:38:58,2025-09-20 12:07:20
43,,15,,100009,6,2780000,0,30,1,2024-03-03 14:39:21,2025-09-20 12:07:20
44,,16,,100010,1,1980000,0,48,1,2024-03-03 15:17:20,2025-09-20 12:07:20
45,,16,,100009,1,1980000,0,47,1,2024-03-03 15:17:38,2025-09-20 12:07:20
46,,16,,100010,27,1980000,0,44,1,2024-03-03 15:18:31,2025-09-20 12:07:20
47,,16,,100009,27,1980000,0,44,1,2024-03-03 15:18:52,2025-09-20 12:07:20
48,,17,,100011,2,930000,0,0,0,2024-03-03 15:55:39,2025-09-20 12:07:20
49,,5,,100011,1,2480000,0,5,1,2024-04-03 15:02:32,2025-09-20 12:07:20
50,,18,,100011,1,1980000,0,20,1,2024-04-03 15:09:32,2025-11-11 17:33:23
51,,18,,100011,27,1980000,0,30,1,2024-04-03 15:09:54,2025-11-11 17:33:38
52,,19,,100011,1,2000,0,0,0,2024-04-03 19:04:13,2025-09-20 12:07:20
53,,10,,100010,1,1980000,0,5,1,2024-04-03 20:04:58,2025-09-20 12:07:20
54,,10,,100009,1,1980000,0,5,1,2024-04-03 20:05:18,2025-09-20 12:07:20
55,,10,,100010,6,1980000,0,5,1,2024-04-03 20:05:41,2025-09-20 12:07:20
56,,10,,100009,6,1980000,0,5,1,2024-04-03 20:06:00,2025-09-20 12:07:20
57,,20,,100011,1,1580000,0,10,1,2024-04-04 20:26:19,2025-09-20 12:07:20
58,,21,,100011,1,1380000,0,0,1,2024-04-06 16:00:16,2025-09-20 12:07:20
61,,21,,100011,27,1380000,0,0,1,2024-04-17 22:41:02,2025-10-15 15:18:38
62,,22,,100011,1,1180000,0,0,0,2024-04-21 14:56:07,2025-09-20 12:07:20
63,,22,,100011,2,1180000,0,0,0,2024-04-21 14:56:25,2025-09-20 12:07:20
64,,23,,100011,4,1380000,0,0,0,2024-07-07 16:14:15,2025-09-20 12:07:20
65,,23,,100011,5,1380000,0,0,0,2024-07-07 16:15:00,2025-09-20 12:07:20
66,,24,,100010,27,1980000,0,0,0,2024-07-07 16:21:19,2025-09-20 12:07:20
67,,24,,100009,27,1980000,0,0,0,2024-07-07 16:21:34,2025-09-20 12:07:20
68,,24,,100010,1,1980000,0,0,0,2024-07-07 16:21:47,2025-09-20 12:07:20
69,,24,,100009,1,1980000,0,0,0,2024-07-07 16:22:02,2025-09-20 12:07:20
70,,25,,100010,27,1480000,0,0,0,2024-07-13 23:10:58,2025-09-20 12:07:20
71,,25,,100009,27,1480000,0,0,0,2024-07-13 23:11:15,2025-09-20 12:07:20
72,,25,,100010,1,1480000,0,2,1,2024-07-13 23:11:44,2025-09-20 12:07:20
73,,25,,100009,1,1480000,0,0,1,2024-07-13 23:12:11,2025-09-20 12:07:20
74,,25,,100010,2,1480000,0,0,0,2024-07-13 23:59:28,2025-09-20 12:07:20
75,,25,,100010,5,1480000,0,0,0,2024-07-14 00:01:35,2025-09-20 12:07:20
76,,25,,100009,2,1480000,0,0,0,2024-07-14 00:01:52,2025-09-20 12:07:20
77,,24,,100010,28,1980000,0,0,0,2024-07-14 00:21:47,2025-09-20 12:07:20
78,,24,,100009,28,1980000,0,0,0,2024-07-14 00:22:28,2025-09-20 12:07:20
79,,26,,100010,1,1780000,0,0,1,2024-07-17 17:05:34,2025-09-20 12:07:20
80,,26,,100009,1,1780000,0,0,0,2024-07-17 17:05:59,2025-09-20 12:07:20
81,,27,,100010,6,1180000,0,0,1,2024-07-21 16:27:15,2025-09-20 12:07:20
82,,27,,100009,6,1180000,0,0,1,2024-07-21 16:27:27,2025-09-20 12:07:20
83,,27,,100010,1,1180000,0,0,1,2024-07-21 16:27:39,2025-09-20 12:07:20
84,,27,,100009,1,1180000,0,0,1,2024-07-21 16:27:51,2025-09-20 12:07:20
85,,27,,100010,27,1180000,0,0,1,2024-07-21 16:28:06,2025-09-20 12:07:20
86,,27,,100009,27,1180000,0,0,1,2024-07-21 16:28:36,2025-09-20 12:07:20
87,,28,,100011,1,980000,0,49,1,2024-07-25 17:27:06,2025-09-20 12:07:20
88,,29,,100010,2,1980000,0,50,1,2024-07-25 17:31:57,2025-09-20 12:07:20
89,,29,,100009,2,1980000,0,49,1,2024-07-25 17:32:10,2025-09-20 12:07:20
90,,30,,100010,4,980000,0,70,0,2024-08-03 15:50:28,2025-09-20 12:07:20
91,,30,,100010,2,980000,0,70,1,2024-08-03 15:50:45,2025-09-20 12:07:20
92,,30,,100009,4,980000,0,68,1,2024-08-03 15:51:19,2025-09-20 12:07:20
93,,30,,100010,1,980000,0,70,1,2024-08-03 15:51:39,2025-09-20 12:07:20
94,,31,,100010,6,1780000,0,3,1,2024-08-07 19:55:50,2025-09-20 12:07:20
95,,31,,100009,6,1780000,0,0,0,2024-08-07 19:56:04,2025-09-20 12:07:20
96,,31,,100010,2,1780000,0,0,0,2024-08-07 19:56:18,2025-09-20 12:07:20
97,,31,,100009,2,1780000,0,0,0,2024-08-07 19:56:43,2025-09-20 12:07:20
98,,31,,100010,1,1780000,0,0,0,2024-08-07 19:56:58,2025-09-20 12:07:20
99,,31,,100009,1,1780000,0,0,0,2024-08-07 19:57:13,2025-09-20 12:07:20
100,,6,,100010,2,1180000,0,49,0,2024-09-07 18:15:51,2025-09-20 12:07:20
101,,6,,100009,27,1180000,0,49,0,2024-09-07 18:16:25,2025-09-20 12:07:20
102,,32,,100010,6,2380000,0,19,1,2024-10-12 23:05:07,2025-09-20 12:07:20
103,,32,,100009,2,2380000,0,19,1,2024-10-12 23:05:24,2025-09-20 12:07:20
104,,33,,100010,6,2880000,0,3,1,2024-10-12 23:33:37,2025-11-04 17:53:32
105,,33,,100009,1,2880000,0,11,1,2024-10-12 23:33:53,2025-10-07 20:04:50
106,,34,,100010,27,3980000,0,20,1,2024-10-13 23:33:46,2025-10-14 19:36:02
107,,34,,100009,27,3980000,0,20,1,2024-10-13 23:34:02,2025-10-14 19:36:24
108,,34,,100010,1,3980000,0,0,1,2024-10-13 23:34:17,2025-10-14 19:36:41
109,,34,,100009,1,3980000,0,0,1,2024-10-13 23:34:39,2025-10-14 19:36:56
110,,36,,100011,1,2380000,0,30,1,2024-10-14 19:13:25,2025-09-20 12:07:20
111,,36,,100011,2,2380000,0,3,1,2024-10-14 19:13:41,2025-09-20 12:07:20
112,,36,,100011,94,2380000,0,17,1,2024-10-14 19:14:18,2025-09-20 12:07:20
113,,37,,100011,1,2880000,0,9,1,2024-10-14 19:24:54,2025-09-20 12:07:20
114,,39,,100011,1,1980000,0,10,1,2024-10-14 19:45:59,2025-09-20 12:07:20
115,,39,,100011,94,1980000,0,21,1,2024-10-14 19:46:14,2025-09-20 12:07:20
116,,41,,100011,1,1980000,0,20,1,2024-10-14 22:02:47,2025-11-11 17:32:20
117,,41,,100011,27,1980000,0,20,1,2024-10-14 22:03:54,2025-11-11 17:32:31
118,,42,,100010,1,1480000,0,60,1,2024-10-14 22:08:58,2025-09-20 12:07:20
119,,42,,100009,1,1480000,0,60,1,2024-10-14 22:09:11,2025-09-20 12:07:20
120,,42,,100010,27,1480000,0,60,1,2024-10-14 22:09:30,2025-09-20 12:07:20
121,,42,,100009,27,1480000,0,59,1,2024-10-14 22:09:45,2025-10-22 06:03:17
122,,43,,100011,1,1780000,0,1,0,2024-10-14 22:13:54,2025-09-20 12:07:20
123,,43,,100011,27,1780000,0,0,0,2024-10-14 22:14:11,2025-09-20 12:07:20
124,,38,,100011,1,2280000,0,59,1,2024-10-14 22:18:03,2025-09-20 12:07:20
125,,38,,100011,6,2280000,0,0,1,2024-10-14 22:18:35,2025-09-20 12:07:20
126,,35,,100010,1,2980000,0,0,1,2024-10-14 22:24:47,2025-09-20 12:07:20
127,,35,,100009,1,2980000,0,0,1,2024-10-14 22:25:09,2025-09-20 12:07:20
128,,35,,100010,129,2980000,0,0,1,2024-10-14 22:25:34,2025-09-20 12:07:20
129,,35,,100009,129,2980000,0,0,1,2024-10-14 22:25:48,2025-09-20 12:07:20
130,,44,,100010,94,2380000,0,0,1,2024-10-14 22:38:48,2025-10-14 19:30:47
131,,44,,100009,94,2380000,0,0,0,2024-10-14 22:39:06,2025-10-14 19:30:16
132,,44,,100011,129,2380000,0,0,0,2024-10-14 22:39:59,2025-10-14 19:30:36
133,,45,,100010,1,2380000,0,10,1,2024-10-17 12:51:54,2025-09-20 12:07:21
134,,45,,100009,1,2380000,0,5,1,2024-10-17 12:52:52,2025-09-20 12:07:21
135,,45,,100010,2,2380000,0,7,1,2024-10-17 12:53:28,2025-09-20 12:07:21
136,,45,,100009,2,2380000,0,5,1,2024-10-17 12:53:43,2025-09-20 12:07:21
137,,46,,100010,1,1680000,0,45,1,2024-10-17 13:00:04,2025-09-20 12:07:21
138,,46,,100009,1,1680000,0,44,1,2024-10-17 13:00:25,2025-09-20 12:07:21
139,,46,,100010,129,1680000,0,47,1,2024-10-17 13:00:49,2025-09-20 12:07:21
140,,46,,100009,129,1680000,0,46,1,2024-10-17 13:01:01,2025-09-20 12:07:21
141,,40,,100010,1,2980000,0,10,1,2024-10-17 19:25:37,2025-09-20 12:07:21
142,,40,,100009,1,2980000,0,45,1,2024-10-17 19:25:50,2025-09-20 12:07:21
143,,40,,100010,27,2980000,0,59,1,2024-10-17 19:26:02,2025-09-20 12:07:21
144,,40,,100009,27,2980000,0,58,0,2024-10-17 19:26:16,2025-09-20 12:07:21
145,,47,,100011,1,2780000,0,4,1,2024-10-17 19:31:36,2025-10-16 23:14:51
146,,47,,100011,27,2780000,0,10,1,2024-10-17 19:31:54,2025-09-20 12:07:21
147,,48,,100010,1,2680000,0,0,1,2024-10-19 16:02:36,2025-09-20 12:07:21
148,,48,,100009,1,2680000,0,0,1,2024-10-19 16:02:54,2025-09-20 12:07:21
149,,49,,100011,1,2680000,0,21,1,2024-11-10 16:11:38,2025-11-03 23:58:01
150,,49,,100011,27,2680000,0,29,1,2024-11-10 16:11:57,2025-09-20 12:07:21
151,,50,,100175,1,650000,0,0,1,2024-11-20 16:21:28,2025-09-21 00:28:15
152,,50,,100176,1,650000,0,0,1,2024-11-20 16:22:03,2025-09-21 00:28:00
153,,50,,100177,1,650000,0,0,1,2024-11-20 16:22:47,2025-09-21 00:27:49
154,,50,,100175,2,650000,0,0,1,2024-11-20 16:23:13,2025-09-21 00:27:40
155,,50,,100176,2,650000,0,0,1,2024-11-20 16:23:30,2025-09-21 00:27:32
156,,50,,100177,2,650000,0,0,1,2024-11-20 16:23:51,2025-09-21 00:27:24
157,,50,,100175,129,650000,0,0,1,2024-11-20 16:24:09,2025-09-21 00:27:16
158,,50,,100176,129,650000,0,0,1,2024-11-20 16:24:45,2025-09-21 00:27:08
159,,50,,100177,129,650000,0,0,1,2024-11-20 16:25:04,2025-09-21 00:26:59
160,,50,,100175,3,650000,0,0,1,2024-11-20 16:25:27,2025-09-20 12:07:21
161,,50,,100176,3,650000,0,0,0,2024-11-20 16:25:42,2025-09-20 12:07:21
162,,50,,100177,3,650000,0,0,1,2024-11-20 16:26:02,2025-09-20 12:07:21
163,,50,,100176,3,650000,0,0,1,2024-11-20 16:26:34,2025-09-20 12:07:21
164,,46,,100010,27,1680000,0,0,1,2024-11-24 14:32:42,2025-09-20 12:07:21
165,,46,,100009,27,1680000,0,0,1,2024-11-24 14:33:24,2025-09-20 12:07:21
166,,51,,100011,2,1180000,0,0,0,2024-12-18 16:15:30,2025-09-20 12:07:21
167,,10,,100010,14,1980000,0,15,1,2024-12-18 16:53:57,2025-09-20 12:07:21
168,,10,,100009,14,1980000,0,14,1,2024-12-18 16:54:15,2025-09-20 12:07:21
169,,10,,100010,9,1980000,0,15,1,2024-12-18 16:54:30,2025-09-20 12:07:21
170,,10,,100009,9,1980000,0,15,1,2024-12-18 16:54:56,2025-09-20 12:07:21
171,,10,,100010,27,1980000,0,6,1,2024-12-18 17:07:28,2025-09-20 12:07:21
172,,10,,100009,27,1980000,0,5,1,2024-12-18 17:07:50,2025-09-20 12:07:21
173,,19,,100011,2,1580000,0,0,0,2024-12-18 21:48:11,2025-09-20 12:07:21
174,,23,,100011,2,1380000,0,0,0,2024-12-18 21:59:03,2025-09-20 12:07:21
175,,52,,100010,4,1180000,0,0,0,2024-12-18 22:45:45,2025-09-20 12:07:21
176,,52,,100010,94,1180000,0,0,0,2024-12-18 22:45:58,2025-09-20 12:07:21
177,,52,,100010,1,1180000,0,0,0,2024-12-18 22:46:13,2025-09-20 12:07:21
178,,22,,100009,4,1180000,0,0,0,2024-12-18 22:51:31,2025-09-20 12:07:21
179,,22,,100009,94,1180000,0,0,0,2024-12-18 22:51:46,2025-09-20 12:07:21
180,,53,,100011,1,1180000,0,0,0,2024-12-18 23:00:23,2025-09-20 12:07:21
181,,53,,100011,2,1180000,0,0,0,2024-12-18 23:00:44,2025-09-20 12:07:21
182,,54,,100011,94,980000,0,0,0,2024-12-18 23:07:02,2025-09-20 12:07:21
183,,55,,100011,2,2480000,0,0,0,2024-12-18 23:12:21,2025-09-20 12:07:21
184,,56,,100011,14,1980000,0,2,1,2024-12-18 23:25:37,2025-09-20 12:07:21
185,,56,,100011,1,1980000,0,0,1,2024-12-18 23:25:52,2025-09-20 12:07:21
186,,56,,100011,27,1980000,0,0,1,2024-12-18 23:26:13,2025-09-20 12:07:21
187,,57,,100011,14,1980000,0,20,0,2024-12-18 23:44:25,2025-09-20 12:07:21
188,,57,,100011,1,1980000,0,2,1,2024-12-18 23:44:39,2025-09-20 12:07:21
189,,57,,100011,27,1980000,0,5,1,2024-12-18 23:44:56,2025-09-20 12:07:21
190,,58,,100011,1,1980000,0,0,0,2024-12-19 00:02:42,2025-09-20 12:07:21
191,,58,,100011,14,1980000,0,9,0,2024-12-19 00:02:55,2025-09-20 12:07:21
192,,58,,100011,27,1980000,0,0,0,2024-12-19 00:03:14,2025-09-20 12:07:21
193,,59,,100011,2,3960000,0,0,0,2024-12-19 15:12:44,2025-09-20 12:07:21
194,,16,,100011,101,1980000,0,0,1,2024-12-19 16:17:30,2025-09-20 12:07:21
195,,16,,100011,101,1980000,0,0,1,2024-12-19 16:17:46,2025-09-20 12:07:21
196,,60,,100010,1,3980000,0,0,1,2024-12-23 00:10:50,2025-09-20 12:07:21
197,,60,,100009,1,3980000,0,0,1,2024-12-23 00:11:06,2025-09-20 12:07:21
198,,60,,100010,14,3980000,0,0,1,2024-12-23 00:11:19,2025-09-20 12:07:21
199,,60,,100009,14,3980000,0,1,1,2024-12-23 00:11:33,2025-09-20 12:07:21
200,,60,,100010,94,3980000,0,1,1,2024-12-23 00:11:50,2025-09-20 12:07:21
201,,60,,100009,94,3980000,0,1,1,2024-12-23 00:12:05,2025-09-20 12:07:21
202,,61,,100011,6,2680000,0,0,1,2024-12-31 17:15:12,2025-09-20 12:07:21
203,,61,,100011,1,2680000,0,0,1,2024-12-31 17:15:26,2025-09-20 12:07:21
204,,62,,100010,101,3780000,0,280,1,2024-12-31 17:56:57,2025-10-31 19:08:03
205,,62,,100009,101,3780000,0,0,1,2024-12-31 17:57:21,2025-10-31 19:08:34
206,,62,,100010,1,3780000,0,0,1,2024-12-31 17:57:40,2025-10-31 19:08:42
207,,62,,100009,1,3780000,0,1,1,2024-12-31 17:57:53,2025-11-03 19:55:25
208,,64,,100010,1,3680000,0,13,1,2025-03-02 04:05:07,2025-09-20 12:07:21
209,,64,,100009,1,3680000,0,15,1,2025-03-02 04:05:22,2025-09-20 12:07:21
210,,64,,100010,94,3680000,0,15,1,2025-03-02 04:06:08,2025-09-20 12:07:21
211,,64,,100009,94,3680000,0,15,0,2025-03-02 04:06:26,2025-09-20 12:07:21
212,,65,,100011,1,1780000,0,0,1,2025-03-02 04:25:04,2025-09-20 12:07:21
213,,65,,100011,2,1780000,0,0,1,2025-03-02 04:25:47,2025-09-20 12:07:21
214,,66,,100010,1,2980000,0,0,0,2025-03-02 04:44:02,2025-09-20 12:07:21
215,,66,,100009,1,2980000,0,2,1,2025-03-02 04:44:22,2025-09-20 12:07:21
216,,66,,100010,2,2980000,0,20,0,2025-03-02 04:44:38,2025-09-20 12:07:21
217,,66,,100009,2,2980000,0,20,0,2025-03-02 04:45:05,2025-09-20 12:07:21
218,,67,,100011,6,1780000,0,5,1,2025-03-02 12:02:34,2025-09-20 12:07:21
219,,67,,100011,1,1780000,0,4,1,2025-03-02 12:02:51,2025-09-20 12:07:21
220,,67,,100011,2,1780000,0,0,0,2025-03-02 12:03:20,2025-09-20 12:07:21
221,,68,,100011,1,1880000,0,4,1,2025-03-02 12:14:00,2025-09-20 12:07:21
222,,69,,100011,1,1380000,0,0,0,2025-03-02 12:22:26,2025-09-20 12:07:21
223,,70,,100011,2,1380000,0,30,1,2025-03-02 12:28:44,2025-09-20 12:07:21
224,,71,,100011,2,1480000,0,0,0,2025-03-02 12:37:58,2025-09-20 12:07:21
225,,72,,100011,2,1480000,0,10,1,2025-03-02 12:44:30,2025-09-20 12:07:21
226,,73,,100011,2,1480000,0,0,0,2025-03-02 12:49:03,2025-09-20 12:07:21
227,,74,,100011,86,1480000,0,10,1,2025-03-02 12:56:38,2025-09-20 12:07:21
228,,75,,100011,2,1480000,0,0,0,2025-03-02 13:05:52,2025-09-20 12:07:21
229,,76,,100011,1,1480000,0,7,1,2025-03-02 13:16:54,2025-09-20 12:07:21
230,,7,,100011,27,1980000,0,6,1,2025-03-02 14:05:22,2025-09-20 12:07:21
231,,77,,100010,1,2180000,0,20,1,2025-03-02 14:16:37,2025-09-20 12:07:21
232,,77,,100009,1,2180000,0,20,0,2025-03-02 14:16:49,2025-09-20 12:07:21
233,,77,,100010,101,2180000,0,20,0,2025-03-02 14:17:04,2025-09-20 12:07:21
234,,77,,100009,101,2180000,0,20,1,2025-03-02 14:17:18,2025-09-20 12:07:21
235,,78,,100011,1,1880000,0,2,1,2025-03-02 14:25:05,2025-09-20 12:07:21
236,,79,,100008,1,1680000,0,5,1,2025-03-02 14:31:45,2025-09-20 12:07:21
237,,79,,100008,101,1680000,0,5,1,2025-03-02 14:32:10,2025-09-20 12:07:21
238,,80,,100063,5,1560000,0,2,1,2025-03-12 18:01:34,2025-11-03 12:04:29
239,,81,,100103,5,2280000,0,0,1,2025-03-12 18:08:41,2025-09-20 12:07:21
240,,64,,100011,94,3680000,0,14,1,2025-03-13 13:49:30,2025-09-20 12:07:21
241,,82,,100012,43,1280000,0,0,0,2025-06-11 10:03:39,2025-09-20 12:07:21
242,,82,,100011,43,1280000,0,2,1,2025-06-11 10:05:46,2025-11-01 14:30:22
243,,83,,100011,5,1280000,0,4,1,2025-06-11 10:19:26,2025-09-20 12:07:21
244,,84,,100011,2,1280000,0,0,1,2025-06-11 10:23:37,2025-09-20 12:07:21
245,,85,,100011,7,1280000,0,0,1,2025-06-11 10:31:18,2025-10-31 19:40:58
246,,86,,100011,6,1280000,0,10,1,2025-06-11 10:37:33,2025-09-20 12:07:21
247,,87,,100011,9,1280000,0,0,1,2025-06-11 10:42:34,2025-09-20 12:07:21
248,,88,,100011,1,1280000,0,2,1,2025-06-11 10:44:51,2025-09-20 12:07:21
249,,89,,100011,4,1280000,0,10,1,2025-06-11 10:56:06,2025-09-20 12:07:21
250,,90,,100011,3,1280000,0,5,1,2025-06-11 11:05:09,2025-09-20 12:07:21
251,,91,,100011,11,1280000,0,10,1,2025-06-11 11:10:50,2025-09-20 12:07:21
252,,92,,100011,1,1180000,0,10,1,2025-06-11 11:45:07,2025-09-20 12:07:21
253,,93,,100011,2,1180000,0,10,1,2025-06-11 11:53:21,2025-09-20 12:07:21
254,,94,,100011,1,1280000,0,18,1,2025-06-11 12:06:07,2025-10-25 20:14:59
255,,95,,100011,43,1580000,0,0,1,2025-06-14 22:09:55,2025-09-20 12:07:21
256,,96,,100011,2,1580000,0,0,1,2025-06-14 22:14:20,2025-09-20 12:07:21
257,,97,,100011,1,1580000,0,0,1,2025-06-14 22:18:31,2025-09-20 12:07:21
258,,98,,100011,9,1580000,0,0,1,2025-06-14 22:30:24,2025-09-20 12:07:21
259,,99,,100011,5,1580000,0,0,1,2025-06-14 22:42:19,2025-09-22 19:13:36
260,,100,,100011,6,1580000,0,8,1,2025-06-14 22:47:15,2025-09-20 12:07:21
261,,101,,100011,7,1580000,0,0,1,2025-06-14 22:51:29,2025-09-20 12:07:21
262,,102,,100011,4,1580000,0,8,1,2025-06-14 22:55:22,2025-09-30 03:27:37
263,,103,,100011,3,1180000,0,4,1,2025-06-14 23:02:17,2025-09-20 12:07:21
264,,104,,100011,11,1180000,0,10,1,2025-06-14 23:11:03,2025-09-20 12:07:21
265,,105,,100011,1,1180000,0,5,1,2025-06-14 23:17:37,2025-09-20 12:07:21
266,,106,,100011,4,1280000,0,1,1,2025-06-14 23:40:37,2025-09-20 12:07:21
267,,107,,100011,6,1280000,0,20,1,2025-06-14 23:46:53,2025-09-20 12:07:21
268,,109,,100011,2,1280000,0,5,1,2025-06-15 09:33:59,2025-10-15 18:41:38
269,,111,,100010,27,1980000,0,4,1,2025-06-15 10:23:18,2025-09-20 12:07:21
270,,111,,100009,27,1980000,0,6,1,2025-06-15 10:23:42,2025-09-20 12:07:21
271,,111,,100008,27,1980000,0,0,0,2025-06-15 10:24:43,2025-09-20 12:07:21
272,,112,,100010,1,1980000,0,10,1,2025-06-15 10:29:00,2025-09-20 12:07:21
273,,112,,100009,1,1980000,0,10,1,2025-06-15 10:29:23,2025-09-20 12:07:21
274,,112,,100008,1,1980000,0,0,1,2025-06-15 10:29:39,2025-09-20 12:07:21
275,,115,,100010,1,1980000,0,5,1,2025-06-15 11:08:09,2025-09-20 12:07:21
276,,115,,100009,1,1980000,0,0,1,2025-06-15 11:08:32,2025-09-20 12:07:21
277,,114,,100010,27,1980000,0,1,1,2025-06-15 11:16:24,2025-09-20 12:07:21
278,,114,,100009,27,1980000,0,0,1,2025-06-15 11:16:45,2025-09-20 12:07:21
279,,117,,100011,2,1980000,0,20,1,2025-06-15 11:26:50,2025-09-20 12:07:21
280,,116,,100011,1,1980000,0,20,1,2025-06-15 11:31:15,2025-09-20 12:07:21
281,,118,,100011,11,1980000,0,20,1,2025-06-15 12:04:30,2025-09-20 12:07:21
282,,119,,100011,3,1280000,0,4,1,2025-06-15 12:26:07,2025-09-20 12:07:21
283,,120,,100011,11,1280000,0,10,1,2025-06-15 12:32:52,2025-09-20 12:07:21
284,,121,,100011,1,1280000,0,49,1,2025-06-15 13:28:40,2025-09-20 12:07:21
285,,121,,100011,2,1280000,0,49,1,2025-06-15 13:28:53,2025-09-20 12:07:21
286,,121,,100011,28,1280000,0,50,1,2025-06-15 13:29:18,2025-09-20 12:07:21
287,,121,,100011,27,1280000,0,50,1,2025-06-15 13:29:50,2025-09-20 12:07:21
288,,122,,100176,2,850000,0,0,1,2025-06-15 13:37:17,2025-09-21 20:54:51
289,,122,,100177,2,850000,0,0,1,2025-06-15 13:37:39,2025-09-21 20:55:01
290,,122,,100174,2,850000,0,1,1,2025-06-15 13:37:55,2025-09-21 20:55:20
291,,122,,100172,2,850000,0,0,1,2025-06-15 13:38:26,2025-09-21 20:55:12
292,,123,,100176,1,850000,0,0,1,2025-06-15 13:42:22,2025-09-21 20:54:19
293,,123,,100177,1,850000,0,0,1,2025-06-15 13:42:41,2025-09-21 20:54:32
294,,123,,100174,1,850000,0,0,1,2025-06-15 13:43:12,2025-09-21 20:54:10
295,,123,,100172,1,850000,0,0,1,2025-06-15 13:44:16,2025-09-21 20:53:53
296,,124,,100011,11,1980000,0,50,1,2025-06-15 14:44:41,2025-09-20 12:07:21
297,,126,,100010,1,1980000,0,50,1,2025-06-15 15:04:58,2025-09-20 12:07:21
298,,126,,100009,1,1980000,0,48,1,2025-06-15 15:05:12,2025-11-03 23:58:01
299,,126,,100008,1,1980000,0,50,1,2025-06-15 15:05:31,2025-09-20 12:07:21
300,,125,,100010,27,1980000,0,4,1,2025-06-15 15:06:14,2025-09-20 12:07:21
301,,125,,100009,27,1980000,0,4,1,2025-06-15 15:06:27,2025-09-20 12:07:21
302,,125,,100008,27,1980000,0,0,1,2025-06-15 15:06:38,2025-09-20 12:07:21
303,,127,,100010,28,1980000,0,5,1,2025-06-15 18:04:59,2025-09-20 12:07:21
304,,127,,100009,28,1980000,0,5,1,2025-06-15 18:05:36,2025-09-20 12:07:21
305,,127,,100008,28,1980000,0,0,1,2025-06-15 18:05:58,2025-09-20 12:07:21
306,,128,,100011,2,1980000,0,49,1,2025-06-15 18:50:35,2025-09-20 12:07:21
307,,130,,100011,27,1980000,0,2,1,2025-06-16 15:39:56,2025-09-20 12:07:21
308,,131,,100011,1,1980000,0,2,1,2025-06-16 15:42:08,2025-09-20 12:07:21
309,,132,,100011,6,1880000,0,50,1,2025-06-16 15:49:29,2025-09-20 12:07:21
310,,133,,100011,1,1880000,0,50,1,2025-06-16 15:52:17,2025-09-20 12:07:21
311,,135,,100011,6,1880000,0,50,1,2025-06-16 16:10:27,2025-09-20 12:07:21
312,,136,,100010,1,650000,0,50,1,2025-06-26 09:12:14,2025-09-20 12:07:21
313,,136,,100009,1,650000,0,50,1,2025-06-26 09:12:25,2025-09-20 12:07:22
314,,136,,100010,2,650000,0,49,1,2025-06-26 09:12:47,2025-09-20 12:07:22
315,,136,,100009,2,650000,0,50,1,2025-06-26 09:13:02,2025-09-20 12:07:22
316,,136,,100010,39,650000,0,50,1,2025-06-26 09:13:32,2025-09-20 12:07:22
317,,136,,100009,39,650000,0,50,1,2025-06-26 09:14:11,2025-09-20 12:07:22
318,,108,,100011,9,1280000,0,0,1,2025-07-02 14:41:01,2025-09-20 12:07:22
319,,110,,100011,1,1280000,0,1,1,2025-07-25 18:21:27,2025-09-20 12:07:22
320,,134,,100011,1,1980000,0,20,1,2025-08-20 16:53:55,2025-09-20 12:07:22
321,,129,,100011,1,1980000,0,19,1,2025-08-20 16:56:37,2025-09-20 12:07:22
322,,10,,100010,9,1980000,0,50,1,2025-08-30 11:44:57,2025-09-20 12:07:22
323,,10,,100009,9,1980000,0,50,1,2025-08-30 11:45:19,2025-09-20 12:07:22
324,,10,,100010,14,1980000,0,50,1,2025-08-30 11:45:38,2025-09-20 12:07:22
325,,10,,100009,14,1980000,0,50,1,2025-08-30 11:45:53,2025-09-20 12:07:22
326,,20,,100011,28,1580000,0,0,1,2025-08-30 11:49:25,2025-09-20 12:07:22
327,,6,,100011,28,1180000,0,30,1,2025-09-08 19:47:14,2025-09-20 12:07:22
328,,6,,100011,27,1180000,0,30,1,2025-09-08 19:47:39,2025-09-20 12:07:22
329,,137,,100011,9,1680000,0,20,1,2025-10-03 09:11:56,2025-10-03 09:11:56
330,,139,,100011,1,1680000,0,20,1,2025-10-03 09:22:17,2025-10-03 09:22:17
331,,138,,100011,39,1680000,0,20,1,2025-10-03 09:25:44,2025-10-03 09:25:44
332,,140,,100011,14,1680000,0,20,1,2025-10-03 09:31:15,2025-10-03 09:31:15
333,,142,,100011,1,2980000,0,19,1,2025-10-03 09:49:17,2025-10-21 05:17:00
334,,141,,100011,14,2980000,0,16,1,2025-10-03 09:50:00,2025-11-10 21:17:01
335,,143,,100011,39,3980000,0,20,1,2025-10-03 10:23:27,2025-10-11 14:01:11
336,,144,,100011,28,3980000,0,20,1,2025-10-03 10:32:21,2025-10-11 14:01:27
337,,145,,100011,1,3980000,0,19,1,2025-10-03 10:37:37,2025-10-16 13:39:00
338,,146,,100011,28,3680000,0,19,1,2025-10-03 10:47:30,2025-11-03 12:04:29
339,,147,,100011,1,3680000,0,20,1,2025-10-03 10:51:18,2025-10-03 10:51:18
340,,148,,100011,30,3980000,0,20,1,2025-10-03 10:57:34,2025-10-03 10:57:34
341,,149,,100011,1,3980000,0,19,1,2025-10-03 10:59:51,2025-10-30 01:27:23
342,,150,,100011,30,2880000,0,19,1,2025-10-03 16:15:28,2025-10-31 20:28:17
343,,151,,100011,1,2880000,0,20,1,2025-10-03 16:18:32,2025-10-03 16:18:32
344,,152,,100011,9,2880000,0,20,1,2025-10-03 16:30:49,2025-10-03 16:30:49
345,,153,,100011,27,2480000,0,20,1,2025-10-03 16:45:07,2025-10-04 23:38:30
346,,154,,100011,9,2480000,0,20,1,2025-10-03 20:11:43,2025-10-04 23:38:57
347,,155,,100011,6,2480000,0,20,1,2025-10-03 20:15:34,2025-10-04 23:38:03
348,,156,,100011,1,2480000,0,20,1,2025-10-03 20:18:35,2025-10-04 23:39:35
349,,157,,100011,39,4980000,0,10,1,2025-10-03 20:38:49,2025-10-11 14:00:14
350,,158,,100011,1,4980000,0,10,1,2025-10-03 20:47:43,2025-10-11 14:00:29
351,,159,,100011,28,4980000,0,10,1,2025-10-03 21:21:29,2025-10-11 14:00:44
352,,160,,100011,1,1880000,0,20,1,2025-10-03 21:33:59,2025-10-03 21:34:59
353,,161,,100011,14,1880000,0,20,1,2025-10-03 21:37:55,2025-10-03 21:37:55
354,,162,,100011,39,1880000,0,19,1,2025-10-03 21:39:56,2025-10-29 20:15:53
355,,163,,100011,9,1880000,0,19,1,2025-10-03 21:43:15,2025-10-28 09:07:24
356,,164,,100011,14,3480000,0,19,1,2025-10-03 21:46:14,2025-11-09 15:23:45
357,,165,,100011,1,3480000,0,19,1,2025-10-03 21:47:48,2025-11-11 21:49:02
358,,166,,100011,30,3980000,0,20,1,2025-10-03 21:52:45,2025-10-03 21:52:45
359,,167,,100011,1,3980000,0,20,1,2025-10-03 21:56:50,2025-10-03 21:56:50
360,,168,,100011,1,3980000,0,18,1,2025-10-03 22:09:03,2025-11-09 22:26:51
361,,169,,100011,39,3980000,0,19,1,2025-10-03 22:11:11,2025-10-08 00:07:32
362,,170,,100011,4,2880000,0,20,1,2025-10-03 22:56:21,2025-10-03 22:56:21
363,,171,,100011,1,2880000,0,20,1,2025-10-03 22:59:11,2025-10-03 22:59:11
364,,173,,100011,27,2480000,0,20,1,2025-10-04 23:37:18,2025-10-04 23:40:41
365,,172,,100011,1,2480000,0,20,1,2025-10-04 23:40:07,2025-10-04 23:40:07
366,,174,,100011,6,2480000,0,19,1,2025-10-04 23:46:40,2025-10-06 22:16:16
367,,175,,100011,9,2480000,0,20,1,2025-10-04 23:48:25,2025-10-04 23:48:25
368,,176,,100010,39,4980000,0,10,1,2025-10-05 00:28:50,2025-10-11 13:58:32
369,,176,,100009,39,4980000,0,9,1,2025-10-05 00:29:19,2025-10-27 11:59:48
370,,177,,100010,1,4980000,0,10,1,2025-10-05 00:36:28,2025-10-11 13:59:06
371,,177,,100009,1,4980000,0,10,1,2025-10-05 00:36:59,2025-10-11 13:59:14
372,,178,,100010,28,4980000,0,10,1,2025-10-05 00:39:40,2025-10-11 13:59:37
373,,178,,100009,28,4980000,0,10,1,2025-10-05 00:40:01,2025-10-11 13:59:44
374,,179,,100011,1,3980000,0,20,1,2025-10-05 00:50:02,2025-10-11 14:01:56
375,,180,,100011,39,3980000,0,20,1,2025-10-05 00:52:40,2025-10-11 14:02:10
376,,181,,100011,28,3980000,0,20,1,2025-10-05 00:55:32,2025-10-11 14:02:36
377,,182,,100011,9,2980000,0,28,1,2025-10-05 01:26:16,2025-10-27 11:59:48
378,,183,,100011,4,2880000,0,20,1,2025-10-05 01:34:54,2025-10-05 01:35:45
379,,184,,100011,1,2880000,0,20,1,2025-10-05 01:40:10,2025-10-05 01:40:10
380,,185,,100010,14,2380000,0,19,1,2025-10-05 01:53:31,2025-11-05 13:01:40
381,,185,,100009,14,2380000,0,19,1,2025-10-05 01:54:05,2025-10-08 00:07:32
382,,186,,100010,1,2380000,0,20,1,2025-10-05 01:57:50,2025-10-05 01:57:50
383,,186,,100009,1,2380000,0,20,1,2025-10-05 01:58:18,2025-10-05 01:58:18
384,,187,,100010,1,2380000,0,19,1,2025-10-05 02:11:59,2025-10-28 09:07:24
385,,187,,100009,1,2380000,0,19,1,2025-10-05 09:44:21,2025-10-29 20:15:53
386,,188,,100010,27,2380000,0,20,1,2025-10-05 09:49:00,2025-10-05 09:49:00
387,,188,,100009,27,2380000,0,20,1,2025-10-05 09:49:17,2025-10-05 09:49:17
388,,189,,100010,6,2380000,0,20,1,2025-10-05 09:52:00,2025-10-05 09:52:00
389,,189,,100009,6,2380000,0,20,1,2025-10-05 09:52:12,2025-10-05 09:52:12
390,,190,,100011,1,1580000,0,0,1,2025-10-05 12:05:14,2025-10-13 09:13:39
391,,190,,100011,6,1580000,0,9,1,2025-10-05 12:05:38,2025-10-21 12:47:38
392,,190,,100011,3,1580000,0,9,1,2025-10-05 12:05:51,2025-10-16 12:14:19
393,,190,,100011,9,1580000,0,9,1,2025-10-05 12:06:17,2025-11-08 10:07:34
394,,190,,100011,14,1580000,0,10,1,2025-10-05 12:06:36,2025-10-05 12:06:36
395,,190,,100011,27,1580000,0,10,1,2025-10-05 12:07:15,2025-10-05 12:07:15
396,,191,,100011,1,1380000,0,10,1,2025-10-05 12:22:58,2025-10-05 12:22:58
397,,191,,100011,6,1380000,0,10,1,2025-10-05 12:23:13,2025-10-05 12:23:13
398,,191,,100011,28,1380000,0,10,1,2025-10-05 12:24:03,2025-10-05 12:24:03
399,,191,,100011,39,1380000,0,10,1,2025-10-05 12:24:22,2025-10-05 12:24:22